"","QUARTER","MONTH","DAY_OF_MONTH","DAY_OF_WEEK","FL_DATE","UNIQUE_CARRIER","AIRLINE_ID","FL_NUM","DEST","DEST_STATE_ABR","CRS_DEP_TIME","CRS_ARR_TIME","CRS_ELAPSED_TIME","DISTANCE","DISTANCE_GROUP","DEP_AM_PM","ARR_AM_PM"
"1",1,1,1,5,"2016-01-01","AA",19805,727,"LAX","CA",605,841,336,2136,9,1,1
"2",1,1,1,5,"2016-01-01","WN",19393,2101,"FLL","FL",630,920,170,994,4,1,1
"3",1,1,2,6,"2016-01-02","WN",19393,6312,"FLL","FL",1555,1830,155,994,4,0,0
"4",1,1,2,6,"2016-01-02","B6",20409,1786,"BOS","MA",1931,2103,92,496,2,0,0
"5",1,1,3,7,"2016-01-03","B6",20409,2007,"FLL","FL",700,957,177,994,4,1,1
"6",1,1,3,7,"2016-01-03","WN",19393,2481,"FLL","FL",705,1000,175,994,4,1,1
"7",1,1,3,7,"2016-01-03","OO",20304,5640,"ORD","IL",1019,1103,104,413,2,1,1
"8",1,1,4,1,"2016-01-04","WN",19393,2902,"MDW","IL",1800,1840,100,402,2,0,0
"9",1,1,4,1,"2016-01-04","UA",19977,526,"ORD","IL",1806,1855,109,413,2,0,0
"10",1,1,4,1,"2016-01-04","AA",19805,1786,"PHL","PA",1825,1955,90,268,2,0,0
"11",1,1,5,2,"2016-01-05","B6",20409,1286,"BOS","MA",905,1037,92,496,2,1,1
"12",1,1,5,2,"2016-01-05","WN",19393,1542,"MDW","IL",945,1020,95,402,2,1,1
"13",1,1,6,3,"2016-01-06","WN",19393,1928,"BWI","MD",1755,1905,70,210,1,0,0
"14",1,1,6,3,"2016-01-06","DL",19790,1462,"ATL","GA",1759,1958,119,526,3,0,0
"15",1,1,6,3,"2016-01-06","AA",19805,1708,"PHL","PA",1821,1955,94,268,2,0,0
"16",1,1,7,4,"2016-01-07","AA",19805,1831,"CLT","NC",845,1032,107,366,2,1,1
"17",1,1,7,4,"2016-01-07","WN",19393,758,"DEN","CO",930,1115,225,1290,6,1,1
"18",1,1,7,4,"2016-01-07","OO",20304,5542,"IAH","TX",1441,1700,199,1117,5,0,0
"19",1,1,8,5,"2016-01-08","WN",19393,369,"MDW","IL",1440,1515,95,402,2,0,0
"20",1,1,8,5,"2016-01-08","OO",20304,5542,"IAH","TX",1441,1700,199,1117,5,0,0
"21",1,1,9,6,"2016-01-09","WN",19393,2710,"RSW","FL",1340,1625,165,966,4,0,0
"22",1,1,9,6,"2016-01-09","B6",20409,1686,"BOS","MA",1745,1924,99,496,2,0,0
"23",1,1,10,7,"2016-01-10","WN",19393,1581,"DAL","TX",1505,1720,195,1060,5,0,0
"24",1,1,10,7,"2016-01-10","AA",19805,1426,"DFW","TX",1518,1737,199,1067,5,0,0
"25",1,1,10,7,"2016-01-10","DL",19790,2580,"ATL","GA",1525,1723,118,526,3,0,0
"26",1,1,11,1,"2016-01-11","AA",19805,654,"CLT","NC",1200,1335,95,366,2,0,0
"27",1,1,11,1,"2016-01-11","WN",19393,1452,"BWI","MD",1250,1355,65,210,1,0,0
"28",1,1,12,2,"2016-01-12","WN",19393,498,"BNA","TN",615,710,115,462,2,1,1
"29",1,1,12,2,"2016-01-12","EV",20366,4212,"EWR","NJ",907,1034,87,319,2,1,1
"30",1,1,13,3,"2016-01-13","AA",19805,2113,"PHX","AZ",700,1011,311,1814,8,1,1
"31",1,1,13,3,"2016-01-13","WN",19393,1866,"LAS","NV",715,925,310,1910,8,1,1
"32",1,1,14,4,"2016-01-14","AA",19805,1802,"CLT","NC",1359,1532,93,366,2,0,0
"33",1,1,14,4,"2016-01-14","WN",19393,369,"MDW","IL",1440,1515,95,402,2,0,0
"34",1,1,14,4,"2016-01-14","DL",19790,2580,"ATL","GA",1502,1700,118,526,3,0,0
"35",1,1,14,4,"2016-01-14","UA",19977,709,"DEN","CO",1620,1758,218,1290,6,0,0
"36",1,1,15,5,"2016-01-15","WN",19393,2171,"MCO","FL",1935,2200,145,834,4,0,0
"37",1,1,16,6,"2016-01-16","EV",20366,4905,"MSP","MN",1255,1418,143,726,3,0,0
"38",1,1,16,6,"2016-01-16","WN",19393,3791,"MDW","IL",1300,1335,95,402,2,0,0
"39",1,1,16,6,"2016-01-16","B6",20409,1686,"BOS","MA",1745,1924,99,496,2,0,0
"40",1,1,17,7,"2016-01-17","WN",19393,2873,"FLL","FL",640,940,180,994,4,1,1
"41",1,1,17,7,"2016-01-17","AA",19805,1853,"CLT","NC",655,842,107,366,2,1,1
"42",1,1,18,1,"2016-01-18","AA",19805,1347,"DFW","TX",806,1030,204,1067,5,1,1
"43",1,1,18,1,"2016-01-18","WN",19393,758,"DEN","CO",930,1115,225,1290,6,1,1
"44",1,1,19,2,"2016-01-19","WN",19393,758,"DEN","CO",930,1115,225,1290,6,1,1
"45",1,1,19,2,"2016-01-19","DL",19790,1677,"ATL","GA",945,1140,115,526,3,1,1
"46",1,1,20,3,"2016-01-20","WN",19393,923,"TPA","FL",1030,1305,155,873,4,1,0
"47",1,1,20,3,"2016-01-20","B6",20409,1486,"BOS","MA",1100,1232,92,496,2,1,0
"48",1,1,20,3,"2016-01-20","AA",19805,2045,"CLT","NC",1200,1335,95,366,2,0,0
"49",1,1,21,4,"2016-01-21","AA",19805,2113,"PHX","AZ",700,1011,311,1814,8,1,1
"50",1,1,21,4,"2016-01-21","WN",19393,1866,"LAS","NV",715,925,310,1910,8,1,1
"51",1,1,21,4,"2016-01-21","UA",19977,1450,"IAH","TX",753,1030,217,1117,5,1,1
"52",1,1,21,4,"2016-01-21","EV",20366,4212,"EWR","NJ",907,1034,87,319,2,1,1
"53",1,1,22,5,"2016-01-22","AA",19805,586,"PHX","AZ",1720,2006,286,1814,8,0,0
"54",1,1,22,5,"2016-01-22","UA",19977,220,"ORD","IL",1720,1807,107,413,2,0,0
"55",1,1,22,5,"2016-01-22","WN",19393,2690,"MDW","IL",1745,1825,100,402,2,0,0
"56",1,1,22,5,"2016-01-22","EV",20366,4989,"MSP","MN",1915,2043,148,726,3,0,0
"57",1,1,23,6,"2016-01-23","WN",19393,3026,"DAL","TX",1400,1620,200,1060,5,0,0
"58",1,1,23,6,"2016-01-23","DL",19790,2789,"ATL","GA",1435,1631,116,526,3,0,0
"59",1,1,24,7,"2016-01-24","WN",19393,1581,"DAL","TX",1505,1720,195,1060,5,0,0
"60",1,1,24,7,"2016-01-24","AA",19805,1426,"DFW","TX",1518,1737,199,1067,5,0,0
"61",1,1,24,7,"2016-01-24","UA",19977,709,"DEN","CO",1614,1756,222,1290,6,0,0
"62",1,1,25,1,"2016-01-25","WN",19393,2077,"PHX","AZ",1330,1620,290,1814,8,0,0
"63",1,1,25,1,"2016-01-25","DL",19790,2580,"ATL","GA",1502,1700,118,526,3,0,0
"64",1,1,26,2,"2016-01-26","WN",19393,1165,"MCO","FL",1130,1350,140,834,4,1,0
"65",1,1,26,2,"2016-01-26","AA",19805,2045,"CLT","NC",1200,1335,95,366,2,0,0
"66",1,1,26,2,"2016-01-26","UA",19977,338,"IAH","TX",1427,1650,203,1117,5,0,0
"67",1,1,27,3,"2016-01-27","WN",19393,453,"MDW","IL",1040,1115,95,402,2,1,1
"68",1,1,27,3,"2016-01-27","AA",19805,2045,"CLT","NC",1200,1335,95,366,2,0,0
"69",1,1,27,3,"2016-01-27","UA",19977,338,"IAH","TX",1427,1646,199,1117,5,0,0
"70",1,1,28,4,"2016-01-28","WN",19393,758,"DEN","CO",930,1115,225,1290,6,1,1
"71",1,1,29,5,"2016-01-29","WN",19393,901,"HOU","TX",1835,2100,205,1131,5,0,0
"72",1,1,29,5,"2016-01-29","AA",19805,817,"CLT","NC",1900,2035,95,366,2,0,0
"73",1,1,30,6,"2016-01-30","AA",19805,1989,"CLT","NC",515,649,94,366,2,1,1
"74",1,1,30,6,"2016-01-30","WN",19393,3255,"BWI","MD",545,700,75,210,1,1,1
"75",1,1,30,6,"2016-01-30","DL",19790,1450,"ATL","GA",600,802,122,526,3,1,1
"76",1,1,31,7,"2016-01-31","WN",19393,3184,"MCO","FL",1200,1425,145,834,4,0,0
"77",1,1,31,7,"2016-01-31","UA",19977,1151,"ORD","IL",1344,1428,104,413,2,0,0
"78",1,1,31,7,"2016-01-31","B6",20409,1786,"BOS","MA",1959,2131,92,496,2,0,0
"79",1,2,1,1,"2016-02-01","WN",19393,696,"TPA","FL",1635,1905,150,873,4,0,0
"80",1,2,1,1,"2016-02-01","AA",19805,586,"PHX","AZ",1720,2006,286,1814,8,0,0
"81",1,2,1,1,"2016-02-01","B6",20409,1686,"BOS","MA",1745,1924,99,496,2,0,0
"82",1,2,2,2,"2016-02-02","WN",19393,1165,"MCO","FL",1130,1350,140,834,4,1,0
"83",1,2,3,3,"2016-02-03","AA",19805,2113,"PHX","AZ",700,1011,311,1814,8,1,1
"84",1,2,3,3,"2016-02-03","WN",19393,1866,"LAS","NV",715,925,310,1910,8,1,1
"85",1,2,4,4,"2016-02-04","WN",19393,1493,"RSW","FL",1520,1805,165,966,4,0,0
"86",1,2,4,4,"2016-02-04","AA",19805,1825,"PHL","PA",1530,1702,92,268,2,0,0
"87",1,2,4,4,"2016-02-04","DL",19790,1462,"ATL","GA",1759,1958,119,526,3,0,0
"88",1,2,5,5,"2016-02-05","WN",19393,2622,"ATL","GA",1640,1830,110,526,3,0,0
"89",1,2,5,5,"2016-02-05","AA",19805,586,"PHX","AZ",1720,2006,286,1814,8,0,0
"90",1,2,5,5,"2016-02-05","B6",20409,1686,"BOS","MA",1745,1924,99,496,2,0,0
"91",1,2,6,6,"2016-02-06","WN",19393,3063,"FLL","FL",625,925,180,994,4,1,1
"92",1,2,6,6,"2016-02-06","DL",19790,2126,"ATL","GA",800,1003,123,526,3,1,1
"93",1,2,7,7,"2016-02-07","AA",19805,1426,"DFW","TX",1518,1737,199,1067,5,0,0
"94",1,2,7,7,"2016-02-07","WN",19393,1493,"RSW","FL",1520,1805,165,966,4,0,0
"95",1,2,8,1,"2016-02-08","WN",19393,2235,"MCO","FL",1715,1940,145,834,4,0,0
"96",1,2,8,1,"2016-02-08","DL",19790,1462,"ATL","GA",1759,1958,119,526,3,0,0
"97",1,2,9,2,"2016-02-09","WN",19393,1165,"MCO","FL",1130,1350,140,834,4,1,0
"98",1,2,10,3,"2016-02-10","DL",19790,1295,"ATL","GA",1125,1318,113,526,3,1,0
"99",1,2,10,3,"2016-02-10","WN",19393,1165,"MCO","FL",1130,1350,140,834,4,1,0
"100",1,2,10,3,"2016-02-10","AA",19805,2045,"CLT","NC",1205,1340,95,366,2,0,0
"101",1,2,11,4,"2016-02-11","WN",19393,1296,"MDW","IL",600,650,110,402,2,1,1
"102",1,2,11,4,"2016-02-11","AA",19805,727,"LAX","CA",600,836,336,2136,9,1,1
"103",1,2,11,4,"2016-02-11","B6",20409,2007,"FLL","FL",700,957,177,994,4,1,1
"104",1,2,12,5,"2016-02-12","WN",19393,2087,"MCO","FL",635,920,165,834,4,1,1
"105",1,2,12,5,"2016-02-12","AA",19805,806,"CLT","NC",655,842,107,366,2,1,1
"106",1,2,12,5,"2016-02-12","B6",20409,2007,"FLL","FL",700,957,177,994,4,1,1
"107",1,2,13,6,"2016-02-13","WN",19393,3026,"DAL","TX",1400,1620,200,1060,5,0,0
"108",1,2,14,7,"2016-02-14","DL",19790,1639,"DTW","MI",615,739,84,201,1,1,1
"109",1,2,14,7,"2016-02-14","WN",19393,2873,"FLL","FL",640,940,180,994,4,1,1
"110",1,2,14,7,"2016-02-14","UA",19977,643,"ORD","IL",750,841,111,413,2,1,1
"111",1,2,14,7,"2016-02-14","EV",20366,3939,"ORD","IL",1205,1251,106,413,2,0,0
"112",1,2,15,1,"2016-02-15","WN",19393,369,"MDW","IL",1440,1515,95,402,2,0,0
"113",1,2,15,1,"2016-02-15","UA",19977,709,"DEN","CO",1612,1750,218,1290,6,0,0
"114",1,2,16,2,"2016-02-16","WN",19393,1493,"RSW","FL",1520,1805,165,966,4,0,0
"115",1,2,16,2,"2016-02-16","EV",20366,5502,"LGA","NY",1714,1844,90,335,2,0,0
"116",1,2,17,3,"2016-02-17","WN",19393,2690,"MDW","IL",1745,1825,100,402,2,0,0
"117",1,2,18,4,"2016-02-18","WN",19393,901,"HOU","TX",1835,2100,205,1131,5,0,0
"118",1,2,18,4,"2016-02-18","DL",19790,707,"DTW","MI",1920,2030,70,201,1,0,0
"119",1,2,19,5,"2016-02-19","WN",19393,696,"TPA","FL",1635,1905,150,873,4,0,0
"120",1,2,19,5,"2016-02-19","UA",19977,220,"ORD","IL",1737,1825,108,413,2,0,0
"121",1,2,19,5,"2016-02-19","EV",20366,4172,"EWR","NJ",1831,2000,89,319,2,0,0
"122",1,2,20,6,"2016-02-20","WN",19393,2952,"RSW","FL",550,845,175,966,4,1,1
"123",1,2,20,6,"2016-02-20","AA",19805,647,"PHX","AZ",700,1011,311,1814,8,1,1
"124",1,2,21,7,"2016-02-21","WN",19393,3184,"MCO","FL",1200,1425,145,834,4,0,0
"125",1,2,21,7,"2016-02-21","AA",19805,1252,"DFW","TX",1240,1504,204,1067,5,0,0
"126",1,2,22,1,"2016-02-22","WN",19393,656,"BWI","MD",540,655,75,210,1,1,1
"127",1,2,22,1,"2016-02-22","DL",19790,1639,"DTW","MI",542,709,87,201,1,1,1
"128",1,2,22,1,"2016-02-22","AA",19805,727,"LAX","CA",600,836,336,2136,9,1,1
"129",1,2,23,2,"2016-02-23","WN",19393,2171,"MCO","FL",1935,2200,145,834,4,0,0
"130",1,2,24,3,"2016-02-24","WN",19393,2077,"PHX","AZ",1330,1620,290,1814,8,0,0
"131",1,2,24,3,"2016-02-24","AA",19805,1745,"CLT","NC",1357,1530,93,366,2,0,0
"132",1,2,24,3,"2016-02-24","DL",19790,2580,"ATL","GA",1515,1713,118,526,3,0,0
"133",1,2,25,4,"2016-02-25","WN",19393,1493,"RSW","FL",1520,1805,165,966,4,0,0
"134",1,2,26,5,"2016-02-26","WN",19393,1866,"LAS","NV",715,925,310,1910,8,1,1
"135",1,2,26,5,"2016-02-26","B6",20409,1286,"BOS","MA",905,1037,92,496,2,1,1
"136",1,2,27,6,"2016-02-27","WN",19393,1917,"FLL","FL",1310,1550,160,994,4,0,0
"137",1,2,27,6,"2016-02-27","B6",20409,1686,"BOS","MA",1740,1919,99,496,2,0,0
"138",1,2,28,7,"2016-02-28","WN",19393,2873,"FLL","FL",640,940,180,994,4,1,1
"139",1,2,29,1,"2016-02-29","WN",19393,2087,"MCO","FL",635,920,165,834,4,1,1
"140",1,2,29,1,"2016-02-29","AA",19805,806,"CLT","NC",655,842,107,366,2,1,1
"141",1,2,29,1,"2016-02-29","DL",19790,2126,"ATL","GA",800,1006,126,526,3,1,1
"142",1,3,1,2,"2016-03-01","WN",19393,758,"DEN","CO",930,1115,225,1290,6,1,1
"143",1,3,1,2,"2016-03-01","DL",19790,1677,"ATL","GA",946,1141,115,526,3,1,1
"144",1,3,1,2,"2016-03-01","AA",19805,857,"CLT","NC",1025,1203,98,366,2,1,0
"145",1,3,1,2,"2016-03-01","OO",20304,5351,"IAH","TX",1425,1646,201,1117,5,0,0
"146",1,3,2,3,"2016-03-02","WN",19393,1493,"RSW","FL",1520,1805,165,966,4,0,0
"147",1,3,3,4,"2016-03-03","AA",19805,1347,"DFW","TX",806,1030,204,1067,5,1,1
"148",1,3,3,4,"2016-03-03","WN",19393,758,"DEN","CO",930,1115,225,1290,6,1,1
"149",1,3,4,5,"2016-03-04","WN",19393,901,"HOU","TX",1835,2100,205,1131,5,0,0
"150",1,3,4,5,"2016-03-04","EV",20366,5559,"DTW","MI",1913,2019,66,201,1,0,0
"151",1,3,4,5,"2016-03-04","DL",19790,728,"ATL","GA",1954,2145,111,526,3,0,0
"152",1,3,4,5,"2016-03-04","B6",20409,1786,"BOS","MA",1955,2127,92,496,2,0,0
"153",1,3,5,6,"2016-03-05","AA",19805,2017,"CLT","NC",1200,1335,95,366,2,0,0
"154",1,3,5,6,"2016-03-05","WN",19393,608,"MCO","FL",1205,1430,145,834,4,0,0
"155",1,3,6,7,"2016-03-06","DL",19790,861,"DTW","MI",600,712,72,201,1,1,1
"156",1,3,6,7,"2016-03-06","WN",19393,2873,"FLL","FL",640,940,180,994,4,1,1
"157",1,3,6,7,"2016-03-06","UA",19977,606,"SFO","CA",720,1000,340,2254,10,1,1
"158",1,3,7,1,"2016-03-07","AA",19805,1252,"DFW","TX",1240,1504,204,1067,5,0,0
"159",1,3,7,1,"2016-03-07","WN",19393,1452,"BWI","MD",1250,1355,65,210,1,0,0
"160",1,3,8,2,"2016-03-08","WN",19393,923,"TPA","FL",1030,1305,155,873,4,1,0
"161",1,3,9,3,"2016-03-09","AA",19805,1711,"CLT","NC",1530,1703,93,366,2,0,0
"162",1,3,9,3,"2016-03-09","UA",19977,709,"DEN","CO",1612,1753,221,1290,6,0,0
"163",1,3,9,3,"2016-03-09","WN",19393,2477,"TPA","FL",1635,1905,150,873,4,0,0
"164",1,3,10,4,"2016-03-10","AA",19805,586,"PHX","AZ",1720,2006,286,1814,8,0,0
"165",1,3,10,4,"2016-03-10","WN",19393,4567,"LAS","NV",1730,1925,295,1910,8,0,0
"166",1,3,11,5,"2016-03-11","WN",19393,1582,"FLL","FL",1405,1640,155,994,4,0,0
"167",1,3,11,5,"2016-03-11","AA",19805,1426,"DFW","TX",1516,1735,199,1067,5,0,0
"168",1,3,11,5,"2016-03-11","DL",19790,2804,"ATL","GA",1620,1808,108,526,3,0,0
"169",1,3,11,5,"2016-03-11","B6",20409,1686,"BOS","MA",1740,1913,93,496,2,0,0
"170",1,3,11,5,"2016-03-11","EV",20366,5559,"DTW","MI",1913,2019,66,201,1,0,0
"171",1,3,12,6,"2016-03-12","WN",19393,196,"BNA","TN",735,820,105,462,2,1,1
"172",1,3,14,1,"2016-03-14","WN",19393,2658,"RSW","FL",540,815,155,966,4,1,1
"173",1,3,14,1,"2016-03-14","AA",19805,727,"LAX","CA",600,836,336,2136,9,1,1
"174",1,3,15,2,"2016-03-15","AA",19805,2011,"CLT","NC",520,654,94,366,2,1,1
"175",1,3,15,2,"2016-03-15","WN",19393,2658,"RSW","FL",540,815,155,966,4,1,1
"176",1,3,16,3,"2016-03-16","WN",19393,4567,"LAS","NV",1730,1925,295,1910,8,0,0
"177",1,3,16,3,"2016-03-16","AA",19805,1705,"PHL","PA",1805,1939,94,268,2,0,0
"178",1,3,17,4,"2016-03-17","WN",19393,4064,"STL","MO",825,920,115,554,3,1,1
"179",1,3,17,4,"2016-03-17","DL",19790,975,"ATL","GA",940,1123,103,526,3,1,1
"180",1,3,18,5,"2016-03-18","B6",20409,1286,"BOS","MA",902,1033,91,496,2,1,1
"181",1,3,18,5,"2016-03-18","WN",19393,3006,"DEN","CO",940,1120,220,1290,6,1,1
"182",1,3,18,5,"2016-03-18","DL",19790,975,"ATL","GA",940,1123,103,526,3,1,1
"183",1,3,18,5,"2016-03-18","AA",19805,2078,"CLT","NC",1025,1203,98,366,2,1,0
"184",1,3,19,6,"2016-03-19","AA",19805,647,"PHX","AZ",700,911,311,1814,8,1,1
"185",1,3,19,6,"2016-03-19","B6",20409,2007,"FLL","FL",700,953,173,994,4,1,1
"186",1,3,19,6,"2016-03-19","WN",19393,2387,"MDW","IL",700,735,95,402,2,1,1
"187",1,3,19,6,"2016-03-19","UA",19977,606,"SFO","CA",715,955,340,2254,10,1,1
"188",1,3,20,7,"2016-03-20","WN",19393,3701,"ATL","GA",730,925,115,526,3,1,1
"189",1,3,20,7,"2016-03-20","DL",19790,2126,"ATL","GA",800,950,110,526,3,1,1
"190",1,3,21,1,"2016-03-21","WN",19393,4419,"MDW","IL",1225,1250,85,402,2,0,0
"191",1,3,21,1,"2016-03-21","DL",19790,1599,"ATL","GA",1317,1508,111,526,3,0,0
"192",1,3,22,2,"2016-03-22","WN",19393,4177,"MDW","IL",1755,1825,90,402,2,0,0
"193",1,3,22,2,"2016-03-22","AA",19805,1705,"PHL","PA",1805,1940,95,268,2,0,0
"194",1,3,23,3,"2016-03-23","B6",20409,1786,"BOS","MA",1955,2127,92,496,2,0,0
"195",1,3,24,4,"2016-03-24","WN",19393,2360,"MDW","IL",635,705,90,402,2,1,1
"196",1,3,24,4,"2016-03-24","B6",20409,2007,"FLL","FL",700,953,173,994,4,1,1
"197",1,3,25,5,"2016-03-25","WN",19393,899,"HOU","TX",1535,1750,195,1131,5,0,0
"198",1,3,25,5,"2016-03-25","B6",20409,1686,"BOS","MA",1740,1913,93,496,2,0,0
"199",1,3,26,6,"2016-03-26","WN",19393,4196,"MCO","FL",1130,1345,135,834,4,1,0
"200",1,3,26,6,"2016-03-26","DL",19790,1295,"ATL","GA",1130,1316,106,526,3,1,0
"201",1,3,26,6,"2016-03-26","AA",19805,2017,"CLT","NC",1200,1335,95,366,2,0,0
"202",1,3,27,7,"2016-03-27","WN",19393,3701,"ATL","GA",730,925,115,526,3,1,1
"203",1,3,27,7,"2016-03-27","AA",19805,821,"CLT","NC",835,1022,107,366,2,1,1
"204",1,3,27,7,"2016-03-27","OO",20304,5943,"IAH","TX",1723,1932,189,1117,5,0,0
"205",1,3,28,1,"2016-03-28","WN",19393,4064,"STL","MO",825,920,115,554,3,1,1
"206",1,3,28,1,"2016-03-28","AA",19805,1814,"CLT","NC",845,1032,107,366,2,1,1
"207",1,3,28,1,"2016-03-28","UA",19977,709,"DEN","CO",1612,1753,221,1290,6,0,0
"208",1,3,29,2,"2016-03-29","WN",19393,1582,"FLL","FL",1405,1640,155,994,4,0,0
"209",1,3,29,2,"2016-03-29","AA",19805,1426,"DFW","TX",1516,1735,199,1067,5,0,0
"210",1,3,29,2,"2016-03-29","DL",19790,2804,"ATL","GA",1620,1808,108,526,3,0,0
"211",1,3,29,2,"2016-03-29","UA",19977,1234,"IAH","TX",1738,1951,193,1117,5,0,0
"212",1,3,30,3,"2016-03-30","EV",20366,5559,"DTW","MI",1913,2019,66,201,1,0,0
"213",1,3,30,3,"2016-03-30","DL",19790,728,"ATL","GA",1954,2145,111,526,3,0,0
"214",1,3,31,4,"2016-03-31","WN",19393,1243,"TPA","FL",1900,2120,140,873,4,0,0
"215",2,4,1,5,"2016-04-01","DL",19790,1462,"ATL","GA",1755,1947,112,526,3,0,0
"216",2,4,1,5,"2016-04-01","WN",19393,4177,"MDW","IL",1755,1825,90,402,2,0,0
"217",2,4,2,6,"2016-04-02","WN",19393,471,"MCO","FL",1740,1955,135,834,4,0,0
"218",2,4,3,7,"2016-04-03","WN",19393,4526,"TPA","FL",1245,1505,140,873,4,0,0
"219",2,4,3,7,"2016-04-03","AA",19805,2056,"CLT","NC",1357,1530,93,366,2,0,0
"220",2,4,3,7,"2016-04-03","OO",20304,5943,"IAH","TX",1723,1932,189,1117,5,0,0
"221",2,4,4,1,"2016-04-04","WN",19393,4419,"MDW","IL",1225,1250,85,402,2,0,0
"222",2,4,4,1,"2016-04-04","AA",19805,1252,"DFW","TX",1240,1504,204,1067,5,0,0
"223",2,4,4,1,"2016-04-04","UA",19977,709,"DEN","CO",1612,1753,221,1290,6,0,0
"224",2,4,5,2,"2016-04-05","WN",19393,4154,"DAL","TX",1700,1905,185,1060,5,0,0
"225",2,4,5,2,"2016-04-05","UA",19977,220,"ORD","IL",1735,1815,100,413,2,0,0
"226",2,4,5,2,"2016-04-05","B6",20409,1686,"BOS","MA",1740,1913,93,496,2,0,0
"227",2,4,6,3,"2016-04-06","DL",19790,1903,"ATL","GA",605,800,115,526,3,1,1
"228",2,4,6,3,"2016-04-06","WN",19393,1585,"FLL","FL",615,855,160,994,4,1,1
"229",2,4,6,3,"2016-04-06","B6",20409,2007,"FLL","FL",700,953,173,994,4,1,1
"230",2,4,7,4,"2016-04-07","DL",19790,1383,"ATL","GA",940,1123,103,526,3,1,1
"231",2,4,7,4,"2016-04-07","WN",19393,3006,"DEN","CO",940,1120,220,1290,6,1,1
"232",2,4,7,4,"2016-04-07","AA",19805,2078,"CLT","NC",1035,1205,90,366,2,1,0
"233",2,4,8,5,"2016-04-08","WN",19393,3006,"DEN","CO",940,1120,220,1290,6,1,1
"234",2,4,9,6,"2016-04-09","DL",19790,1599,"ATL","GA",1327,1515,108,526,3,0,0
"235",2,4,9,6,"2016-04-09","WN",19393,1973,"TPA","FL",1425,1645,140,873,4,0,0
"236",2,4,10,7,"2016-04-10","AA",19805,2458,"DFW","TX",1800,2005,185,1067,5,0,0
"237",2,4,10,7,"2016-04-10","WN",19393,599,"ATL","GA",1810,2005,115,526,3,0,0
"238",2,4,11,1,"2016-04-11","DL",19790,1383,"ATL","GA",940,1123,103,526,3,1,1
"239",2,4,11,1,"2016-04-11","WN",19393,3006,"DEN","CO",940,1120,220,1290,6,1,1
"240",2,4,13,3,"2016-04-13","WN",19393,1828,"TPA","FL",2020,2235,135,873,4,0,0
"241",2,4,13,3,"2016-04-13","AA",19805,1731,"PHL","PA",2040,2148,68,268,2,0,0
"242",2,4,14,4,"2016-04-14","WN",19393,2701,"HOU","TX",1845,2050,185,1131,5,0,0
"243",2,4,14,4,"2016-04-14","DL",19790,1142,"ATL","GA",2020,2214,114,526,3,0,0
"244",2,4,15,5,"2016-04-15","WN",19393,2241,"MCO","FL",530,740,130,834,4,1,1
"245",2,4,16,6,"2016-04-16","WN",19393,3397,"MCO","FL",805,1025,140,834,4,1,1
"246",2,4,17,7,"2016-04-17","AA",19805,1889,"CLT","NC",1350,1519,89,366,2,0,0
"247",2,4,17,7,"2016-04-17","WN",19393,419,"TPA","FL",1445,1705,140,873,4,0,0
"248",2,4,18,1,"2016-04-18","WN",19393,281,"MDW","IL",1045,1110,85,402,2,1,1
"249",2,4,18,1,"2016-04-18","UA",19977,709,"DEN","CO",1603,1744,221,1290,6,0,0
"250",2,4,19,2,"2016-04-19","WN",19393,3327,"BWI","MD",1725,1825,60,210,1,0,0
"251",2,4,19,2,"2016-04-19","DL",19790,1462,"ATL","GA",1745,1937,112,526,3,0,0
"252",2,4,19,2,"2016-04-19","OO",20304,4447,"DTW","MI",1912,2018,66,201,1,0,0
"253",2,4,20,3,"2016-04-20","WN",19393,2903,"LAS","NV",1630,1810,280,1910,8,0,0
"254",2,4,21,4,"2016-04-21","WN",19393,1828,"TPA","FL",2020,2235,135,873,4,0,0
"255",2,4,22,5,"2016-04-22","AA",19805,1992,"CLT","NC",1350,1519,89,366,2,0,0
"256",2,4,22,5,"2016-04-22","WN",19393,419,"TPA","FL",1445,1705,140,873,4,0,0
"257",2,4,22,5,"2016-04-22","B6",20409,1686,"BOS","MA",1740,1913,93,496,2,0,0
"258",2,4,23,6,"2016-04-23","WN",19393,934,"TPA","FL",1800,2020,140,873,4,0,0
"259",2,4,24,7,"2016-04-24","WN",19393,1273,"TPA","FL",2030,2245,135,873,4,0,0
"260",2,4,25,1,"2016-04-25","AA",19805,1426,"DFW","TX",1513,1720,187,1067,5,0,0
"261",2,4,25,1,"2016-04-25","WN",19393,1711,"MCO","FL",1550,1805,135,834,4,0,0
"262",2,4,25,1,"2016-04-25","B6",20409,1686,"BOS","MA",1740,1913,93,496,2,0,0
"263",2,4,26,2,"2016-04-26","AA",19805,1731,"PHL","PA",2040,2148,68,268,2,0,0
"264",2,4,27,3,"2016-04-27","AA",19805,2458,"DFW","TX",1800,2005,185,1067,5,0,0
"265",2,4,27,3,"2016-04-27","WN",19393,2153,"ATL","GA",1805,1945,100,526,3,0,0
"266",2,4,28,4,"2016-04-28","WN",19393,2966,"ATL","GA",725,905,100,526,3,1,1
"267",2,4,28,4,"2016-04-28","DL",19790,1108,"ATL","GA",755,946,111,526,3,1,1
"268",2,4,29,5,"2016-04-29","WN",19393,281,"MDW","IL",1045,1110,85,402,2,1,1
"269",2,4,29,5,"2016-04-29","DL",19790,1295,"ATL","GA",1119,1305,106,526,3,1,0
"270",2,4,29,5,"2016-04-29","AA",19805,1700,"CLT","NC",1200,1329,89,366,2,0,0
"271",2,4,29,5,"2016-04-29","OO",20304,5845,"IAH","TX",1438,1653,195,1117,5,0,0
"272",2,4,30,6,"2016-04-30","WN",19393,1132,"FLL","FL",1400,1635,155,994,4,0,0
"273",2,4,30,6,"2016-04-30","DL",19790,1221,"ATL","GA",1445,1640,115,526,3,0,0
"274",2,5,1,7,"2016-05-01","WN",19393,3872,"TPA","FL",620,840,140,873,4,1,1
"275",2,5,1,7,"2016-05-01","AA",19805,865,"CLT","NC",650,820,90,366,2,1,1
"276",2,5,1,7,"2016-05-01","DL",19790,2126,"ATL","GA",750,935,105,526,3,1,1
"277",2,5,2,1,"2016-05-02","WN",19393,1828,"TPA","FL",2020,2235,135,873,4,0,0
"278",2,5,3,2,"2016-05-03","WN",19393,2966,"ATL","GA",725,905,100,526,3,1,1
"279",2,5,4,3,"2016-05-04","AA",19805,528,"PHX","AZ",1725,1900,275,1814,8,0,0
"280",2,5,4,3,"2016-05-04","WN",19393,3327,"BWI","MD",1725,1825,60,210,1,0,0
"281",2,5,4,3,"2016-05-04","UA",19977,220,"ORD","IL",1735,1815,100,413,2,0,0
"282",2,5,5,4,"2016-05-05","DL",19790,873,"ATL","GA",1125,1305,100,526,3,1,0
"283",2,5,5,4,"2016-05-05","WN",19393,3727,"PHX","AZ",1135,1305,270,1814,8,1,0
"284",2,5,5,4,"2016-05-05","AA",19805,1252,"DFW","TX",1139,1340,181,1067,5,1,0
"285",2,5,6,5,"2016-05-06","WN",19393,2199,"RSW","FL",1030,1305,155,966,4,1,0
"286",2,5,6,5,"2016-05-06","AA",19805,2078,"CLT","NC",1035,1205,90,366,2,1,0
"287",2,5,6,5,"2016-05-06","DL",19790,873,"ATL","GA",1125,1305,100,526,3,1,0
"288",2,5,6,5,"2016-05-06","EV",20366,3946,"EWR","NJ",1329,1500,91,319,2,0,0
"289",2,5,7,6,"2016-05-07","WN",19393,723,"ATL","GA",1640,1825,105,526,3,0,0
"290",2,5,7,6,"2016-05-07","AA",19805,528,"PHX","AZ",1725,1900,275,1814,8,0,0
"291",2,5,7,6,"2016-05-07","DL",19790,1462,"ATL","GA",1800,1945,105,526,3,0,0
"292",2,5,8,7,"2016-05-08","WN",19393,1711,"MCO","FL",1550,1805,135,834,4,0,0
"293",2,5,8,7,"2016-05-08","DL",19790,1221,"ATL","GA",1620,1803,103,526,3,0,0
"294",2,5,8,7,"2016-05-08","EV",20366,4300,"EWR","NJ",1754,1925,91,319,2,0,0
"295",2,5,9,1,"2016-05-09","WN",19393,554,"BNA","TN",625,655,90,462,2,1,1
"296",2,5,9,1,"2016-05-09","AA",19805,1978,"CLT","NC",700,835,95,366,2,1,1
"297",2,5,10,2,"2016-05-10","DL",19790,1221,"ATL","GA",1620,1803,103,526,3,0,0
"298",2,5,10,2,"2016-05-10","WN",19393,2903,"LAS","NV",1630,1810,280,1910,8,0,0
"299",2,5,10,2,"2016-05-10","AA",19805,2084,"CLT","NC",1715,1844,89,366,2,0,0
"300",2,5,10,2,"2016-05-10","EV",20366,4300,"EWR","NJ",1754,1925,91,319,2,0,0
"301",2,5,11,3,"2016-05-11","DL",19790,2126,"ATL","GA",750,935,105,526,3,1,1
"302",2,5,11,3,"2016-05-11","AA",19805,1730,"CLT","NC",845,1020,95,366,2,1,1
"303",2,5,11,3,"2016-05-11","WN",19393,1439,"DEN","CO",855,1020,205,1290,6,1,1
"304",2,5,12,4,"2016-05-12","WN",19393,3131,"MDW","IL",1615,1640,85,402,2,0,0
"305",2,5,12,4,"2016-05-12","UA",19977,709,"DEN","CO",1617,1754,217,1290,6,0,0
"306",2,5,12,4,"2016-05-12","DL",19790,1221,"ATL","GA",1620,1803,103,526,3,0,0
"307",2,5,13,5,"2016-05-13","AA",19805,1426,"DFW","TX",1448,1656,188,1067,5,0,0
"308",2,5,13,5,"2016-05-13","WN",19393,1711,"MCO","FL",1550,1805,135,834,4,0,0
"309",2,5,14,6,"2016-05-14","WN",19393,3613,"BWI","MD",1625,1730,65,210,1,0,0
"310",2,5,14,6,"2016-05-14","AA",19805,528,"PHX","AZ",1725,1900,275,1814,8,0,0
"311",2,5,14,6,"2016-05-14","B6",20409,1686,"BOS","MA",1725,1901,96,496,2,0,0
"312",2,5,15,7,"2016-05-15","WN",19393,3697,"BNA","TN",750,820,90,462,2,1,1
"313",2,5,16,1,"2016-05-16","DL",19790,2347,"ATL","GA",1504,1654,110,526,3,0,0
"314",2,5,16,1,"2016-05-16","WN",19393,1711,"MCO","FL",1550,1805,135,834,4,0,0
"315",2,5,17,2,"2016-05-17","WN",19393,2966,"ATL","GA",725,905,100,526,3,1,1
"316",2,5,17,2,"2016-05-17","DL",19790,2126,"ATL","GA",750,935,105,526,3,1,1
"317",2,5,18,3,"2016-05-18","DL",19790,1980,"MSP","MN",651,804,133,726,3,1,1
"318",2,5,18,3,"2016-05-18","AA",19805,1978,"CLT","NC",700,835,95,366,2,1,1
"319",2,5,18,3,"2016-05-18","WN",19393,2966,"ATL","GA",725,905,100,526,3,1,1
"320",2,5,19,4,"2016-05-19","AA",19805,2682,"ORD","IL",1815,1903,108,413,2,0,0
"321",2,5,19,4,"2016-05-19","WN",19393,3663,"MDW","IL",1820,1845,85,402,2,0,0
"322",2,5,19,4,"2016-05-19","DL",19790,1142,"ATL","GA",2020,2209,109,526,3,0,0
"323",2,5,20,5,"2016-05-20","WN",19393,1533,"MCO","FL",1255,1510,135,834,4,0,0
"324",2,5,20,5,"2016-05-20","OO",20304,5845,"IAH","TX",1441,1650,189,1117,5,0,0
"325",2,5,20,5,"2016-05-20","AA",19805,1426,"DFW","TX",1448,1656,188,1067,5,0,0
"326",2,5,21,6,"2016-05-21","WN",19393,2817,"BNA","TN",725,800,95,462,2,1,1
"327",2,5,21,6,"2016-05-21","B6",20409,1286,"BOS","MA",845,1017,92,496,2,1,1
"328",2,5,21,6,"2016-05-21","DL",19790,2382,"ATL","GA",945,1124,99,526,3,1,1
"329",2,5,22,7,"2016-05-22","AA",19805,1738,"PHL","PA",715,839,84,268,2,1,1
"330",2,5,22,7,"2016-05-22","WN",19393,2966,"ATL","GA",725,905,100,526,3,1,1
"331",2,5,23,1,"2016-05-23","WN",19393,2153,"ATL","GA",1805,1945,100,526,3,0,0
"332",2,5,23,1,"2016-05-23","B6",20409,1886,"BOS","MA",1954,2126,92,496,2,0,0
"333",2,5,24,2,"2016-05-24","B6",20409,1486,"BOS","MA",1135,1307,92,496,2,1,0
"334",2,5,24,2,"2016-05-24","WN",19393,3727,"PHX","AZ",1135,1305,270,1814,8,1,0
"335",2,5,25,3,"2016-05-25","WN",19393,419,"TPA","FL",1445,1705,140,873,4,0,0
"336",2,5,25,3,"2016-05-25","AA",19805,1426,"DFW","TX",1448,1656,188,1067,5,0,0
"337",2,5,25,3,"2016-05-25","UA",19977,709,"DEN","CO",1619,1800,221,1290,6,0,0
"338",2,5,26,4,"2016-05-26","WN",19393,1828,"TPA","FL",2020,2235,135,873,4,0,0
"339",2,5,27,5,"2016-05-27","WN",19393,1711,"MCO","FL",1550,1805,135,834,4,0,0
"340",2,5,27,5,"2016-05-27","UA",19977,709,"DEN","CO",1614,1755,221,1290,6,0,0
"341",2,5,27,5,"2016-05-27","EV",20366,4300,"EWR","NJ",1754,1925,91,319,2,0,0
"342",2,5,28,6,"2016-05-28","WN",19393,3397,"MCO","FL",805,1025,140,834,4,1,1
"343",2,5,28,6,"2016-05-28","AA",19805,1681,"CLT","NC",845,1020,95,366,2,1,1
"344",2,5,29,7,"2016-05-29","WN",19393,3980,"TPA","FL",1445,1705,140,873,4,0,0
"345",2,5,30,1,"2016-05-30","WN",19393,484,"PHX","AZ",1135,1305,270,1814,8,1,0
"346",2,5,30,1,"2016-05-30","AA",19805,1252,"DFW","TX",1139,1340,181,1067,5,1,0
"347",2,5,31,2,"2016-05-31","DL",19790,1462,"ATL","GA",1800,1947,107,526,3,0,0
"348",2,5,31,2,"2016-05-31","AA",19805,1705,"PHL","PA",1804,1929,85,268,2,0,0
"349",2,5,31,2,"2016-05-31","WN",19393,2153,"ATL","GA",1805,1945,100,526,3,0,0
"350",2,6,1,3,"2016-06-01","WN",19393,2241,"MCO","FL",530,740,130,834,4,1,1
"351",2,6,1,3,"2016-06-01","OO",20304,6037,"ORD","IL",1203,1242,99,413,2,0,0
"352",2,6,2,4,"2016-06-02","AA",19805,1784,"CLT","NC",700,828,88,366,2,1,1
"353",2,6,2,4,"2016-06-02","WN",19393,2966,"ATL","GA",725,905,100,526,3,1,1
"354",2,6,2,4,"2016-06-02","DL",19790,2126,"ATL","GA",750,935,105,526,3,1,1
"355",2,6,3,5,"2016-06-03","WN",19393,1439,"DEN","CO",855,1020,205,1290,6,1,1
"356",2,6,3,5,"2016-06-03","UA",19977,590,"ORD","IL",1058,1135,97,413,2,1,1
"357",2,6,4,6,"2016-06-04","WN",19393,301,"MCO","FL",1725,1940,135,834,4,0,0
"358",2,6,5,7,"2016-06-05","WN",19393,1026,"ATL","GA",1720,1900,100,526,3,0,0
"359",2,6,5,7,"2016-06-05","AA",19805,449,"PHX","AZ",1740,1903,263,1814,8,0,0
"360",2,6,6,1,"2016-06-06","WN",19393,3103,"BWI","MD",1030,1130,60,210,1,1,1
"361",2,6,6,1,"2016-06-06","DL",19790,873,"ATL","GA",1125,1305,100,526,3,1,0
"362",2,6,7,2,"2016-06-07","WN",19393,2511,"FLL","FL",1650,1925,155,994,4,0,0
"363",2,6,7,2,"2016-06-07","UA",19977,220,"ORD","IL",1739,1819,100,413,2,0,0
"364",2,6,7,2,"2016-06-07","AA",19805,449,"PHX","AZ",1740,1903,263,1814,8,0,0
"365",2,6,8,3,"2016-06-08","WN",19393,3378,"TPA","FL",700,920,140,873,4,1,1
"366",2,6,9,4,"2016-06-09","WN",19393,3564,"TPA","FL",1755,2010,135,873,4,0,0
"367",2,6,9,4,"2016-06-09","DL",19790,1462,"ATL","GA",1800,1949,109,526,3,0,0
"368",2,6,10,5,"2016-06-10","AA",19805,2065,"CLT","NC",849,1023,94,366,2,1,1
"369",2,6,10,5,"2016-06-10","WN",19393,1371,"MCO","FL",945,1155,130,834,4,1,1
"370",2,6,11,6,"2016-06-11","WN",19393,6098,"BNA","TN",705,735,90,462,2,1,1
"371",2,6,11,6,"2016-06-11","DL",19790,838,"ATL","GA",800,943,103,526,3,1,1
"372",2,6,12,7,"2016-06-12","AA",19805,1724,"CLT","NC",1920,2047,87,366,2,0,0
"373",2,6,13,1,"2016-06-13","DL",19790,1383,"ATL","GA",1958,2144,106,526,3,0,0
"374",2,6,13,1,"2016-06-13","AA",19805,1731,"PHL","PA",2040,2150,70,268,2,0,0
"375",2,6,14,2,"2016-06-14","WN",19393,3378,"TPA","FL",700,920,140,873,4,1,1
"376",2,6,14,2,"2016-06-14","EV",20366,3794,"EWR","NJ",905,1030,85,319,2,1,1
"377",2,6,16,4,"2016-06-16","AA",19805,525,"CLT","NC",520,639,79,366,2,1,1
"378",2,6,16,4,"2016-06-16","WN",19393,2129,"MCO","FL",520,730,130,834,4,1,1
"379",2,6,16,4,"2016-06-16","DL",19790,2290,"ATL","GA",600,741,101,526,3,1,1
"380",2,6,17,5,"2016-06-17","WN",19393,2155,"LAS","NV",620,750,270,1910,8,1,1
"381",2,6,17,5,"2016-06-17","F9",20436,275,"DEN","CO",900,1027,207,1290,6,1,1
"382",2,6,18,6,"2016-06-18","WN",19393,4844,"MDW","IL",1535,1600,85,402,2,0,0
"383",2,6,18,6,"2016-06-18","F9",20436,1709,"MCO","FL",1700,1916,136,834,4,0,0
"384",2,6,19,7,"2016-06-19","WN",19393,187,"ATL","GA",720,900,100,526,3,1,1
"385",2,6,20,1,"2016-06-20","WN",19393,2129,"MCO","FL",520,730,130,834,4,1,1
"386",2,6,21,2,"2016-06-21","WN",19393,1389,"BNA","TN",630,700,90,462,2,1,1
"387",2,6,21,2,"2016-06-21","DL",19790,2494,"DTW","MI",630,741,71,201,1,1,1
"388",2,6,22,3,"2016-06-22","WN",19393,2155,"LAS","NV",620,750,270,1910,8,1,1
"389",2,6,23,4,"2016-06-23","WN",19393,1787,"LAS","NV",1735,1910,275,1910,8,0,0
"390",2,6,24,5,"2016-06-24","WN",19393,2790,"ATL","GA",1720,1900,100,526,3,0,0
"391",2,6,24,5,"2016-06-24","AA",19805,449,"PHX","AZ",1740,1903,263,1814,8,0,0
"392",2,6,25,6,"2016-06-25","WN",19393,3922,"MCO","FL",1215,1430,135,834,4,0,0
"393",2,6,25,6,"2016-06-25","AA",19805,1426,"DFW","TX",1450,1643,173,1067,5,0,0
"394",2,6,26,7,"2016-06-26","WN",19393,444,"TPA","FL",700,920,140,873,4,1,1
"395",2,6,26,7,"2016-06-26","F9",20436,275,"DEN","CO",900,1027,207,1290,6,1,1
"396",2,6,27,1,"2016-06-27","UA",19977,709,"DEN","CO",1610,1737,207,1290,6,0,0
"397",2,6,27,1,"2016-06-27","WN",19393,435,"MDW","IL",1615,1640,85,402,2,0,0
"398",2,6,27,1,"2016-06-27","DL",19790,1560,"ATL","GA",1625,1813,108,526,3,0,0
"399",2,6,27,1,"2016-06-27","AA",19805,449,"PHX","AZ",1740,1903,263,1814,8,0,0
"400",2,6,28,2,"2016-06-28","WN",19393,435,"MDW","IL",1615,1640,85,402,2,0,0
"401",2,6,28,2,"2016-06-28","DL",19790,1560,"ATL","GA",1625,1813,108,526,3,0,0
"402",2,6,29,3,"2016-06-29","WN",19393,2155,"LAS","NV",620,750,270,1910,8,1,1
"403",2,6,29,3,"2016-06-29","B6",20409,2007,"FLL","FL",700,943,163,994,4,1,1
"404",2,6,29,3,"2016-06-29","EV",20366,3794,"EWR","NJ",905,1030,85,319,2,1,1
"405",2,6,30,4,"2016-06-30","AA",19805,1933,"PHL","PA",715,841,86,268,2,1,1
"406",2,6,30,4,"2016-06-30","WN",19393,2907,"ATL","GA",720,900,100,526,3,1,1
"407",3,7,1,5,"2016-07-01","DL",19790,975,"ATL","GA",935,1120,105,526,3,1,1
"408",3,7,1,5,"2016-07-01","WN",19393,1371,"MCO","FL",945,1155,130,834,4,1,1
"409",3,7,1,5,"2016-07-01","UA",19977,446,"ORD","IL",1400,1434,94,413,2,0,0
"410",3,7,2,6,"2016-07-02","WN",19393,1865,"BWI","MD",515,615,60,210,1,1,1
"411",3,7,3,7,"2016-07-03","AA",19805,450,"CLT","NC",655,825,90,366,2,1,1
"412",3,7,3,7,"2016-07-03","WN",19393,543,"TPA","FL",700,920,140,873,4,1,1
"413",3,7,3,7,"2016-07-03","UA",19977,606,"SFO","CA",738,1000,322,2254,10,1,1
"414",3,7,4,1,"2016-07-04","WN",19393,6019,"MCO","FL",945,1155,130,834,4,1,1
"415",3,7,5,2,"2016-07-05","WN",19393,3083,"HOU","TX",1915,2115,180,1131,5,0,0
"416",3,7,5,2,"2016-07-05","B6",20409,1886,"BOS","MA",1955,2123,88,496,2,0,0
"417",3,7,5,2,"2016-07-05","AA",19805,1731,"PHL","PA",2040,2150,70,268,2,0,0
"418",3,7,6,3,"2016-07-06","WN",19393,3564,"TPA","FL",1755,2010,135,873,4,0,0
"419",3,7,6,3,"2016-07-06","AA",19805,2458,"DFW","TX",1859,2051,172,1067,5,0,0
"420",3,7,7,4,"2016-07-07","AA",19805,2067,"CLT","NC",1526,1659,93,366,2,0,0
"421",3,7,7,4,"2016-07-07","WN",19393,435,"MDW","IL",1615,1640,85,402,2,0,0
"422",3,7,7,4,"2016-07-07","DL",19790,1560,"ATL","GA",1628,1819,111,526,3,0,0
"423",3,7,8,5,"2016-07-08","WN",19393,2183,"MDW","IL",800,830,90,402,2,1,1
"424",3,7,8,5,"2016-07-08","UA",19977,773,"DEN","CO",856,1017,201,1290,6,1,1
"425",3,7,9,6,"2016-07-09","WN",19393,1674,"DEN","CO",1030,1155,205,1290,6,1,1
"426",3,7,9,6,"2016-07-09","AA",19805,1252,"DFW","TX",1139,1333,174,1067,5,1,0
"427",3,7,9,6,"2016-07-09","DL",19790,1599,"ATL","GA",1330,1519,109,526,3,0,0
"428",3,7,9,6,"2016-07-09","B6",20409,1686,"BOS","MA",1724,1859,95,496,2,0,0
"429",3,7,10,7,"2016-07-10","WN",19393,1448,"FLL","FL",745,1020,155,994,4,1,1
"430",3,7,10,7,"2016-07-10","AA",19805,2186,"DFW","TX",802,955,173,1067,5,1,1
"431",3,7,10,7,"2016-07-10","B6",20409,1286,"BOS","MA",844,1014,90,496,2,1,1
"432",3,7,10,7,"2016-07-10","DL",19790,975,"ATL","GA",900,1053,113,526,3,1,1
"433",3,7,11,1,"2016-07-11","AA",19805,1731,"PHL","PA",2040,2150,70,268,2,0,0
"434",3,7,12,2,"2016-07-12","AA",19805,1426,"DFW","TX",1515,1710,175,1067,5,0,0
"435",3,7,12,2,"2016-07-12","DL",19790,1939,"ATL","GA",1517,1705,108,526,3,0,0
"436",3,7,12,2,"2016-07-12","F9",20436,1211,"ORD","IL",1525,1603,98,413,2,0,0
"437",3,7,12,2,"2016-07-12","EV",20366,5212,"LGA","NY",1559,1735,96,335,2,0,0
"438",3,7,12,2,"2016-07-12","WN",19393,435,"MDW","IL",1615,1640,85,402,2,0,0
"439",3,7,12,2,"2016-07-12","UA",19977,709,"DEN","CO",1620,1750,210,1290,6,0,0
"440",3,7,13,3,"2016-07-13","WN",19393,1787,"LAS","NV",1735,1910,275,1910,8,0,0
"441",3,7,13,3,"2016-07-13","AA",19805,580,"PHX","AZ",1740,1903,263,1814,8,0,0
"442",3,7,14,4,"2016-07-14","WN",19393,2183,"MDW","IL",800,830,90,402,2,1,1
"443",3,7,14,4,"2016-07-14","DL",19790,975,"ATL","GA",935,1120,105,526,3,1,1
"444",3,7,15,5,"2016-07-15","AA",19805,1784,"CLT","NC",700,828,88,366,2,1,1
"445",3,7,15,5,"2016-07-15","B6",20409,2007,"FLL","FL",700,943,163,994,4,1,1
"446",3,7,15,5,"2016-07-15","WN",19393,3378,"TPA","FL",700,920,140,873,4,1,1
"447",3,7,15,5,"2016-07-15","UA",19977,1164,"ORD","IL",722,757,95,413,2,1,1
"448",3,7,16,6,"2016-07-16","WN",19393,5306,"DEN","CO",2030,2200,210,1290,6,0,0
"449",3,7,17,7,"2016-07-17","WN",19393,435,"MDW","IL",1615,1640,85,402,2,0,0
"450",3,7,17,7,"2016-07-17","UA",19977,709,"DEN","CO",1620,1747,207,1290,6,0,0
"451",3,7,18,1,"2016-07-18","WN",19393,3378,"TPA","FL",700,920,140,873,4,1,1
"452",3,7,19,2,"2016-07-19","WN",19393,1448,"FLL","FL",745,1020,155,994,4,1,1
"453",3,7,19,2,"2016-07-19","DL",19790,975,"ATL","GA",935,1120,105,526,3,1,1
"454",3,7,20,3,"2016-07-20","WN",19393,1371,"MCO","FL",945,1155,130,834,4,1,1
"455",3,7,20,3,"2016-07-20","EV",20366,5105,"LGA","NY",1330,1505,95,335,2,0,0
"456",3,7,21,4,"2016-07-21","WN",19393,3378,"TPA","FL",700,920,140,873,4,1,1
"457",3,7,21,4,"2016-07-21","AA",19805,1784,"CLT","NC",700,828,88,366,2,1,1
"458",3,7,22,5,"2016-07-22","WN",19393,2183,"MDW","IL",800,830,90,402,2,1,1
"459",3,7,22,5,"2016-07-22","EV",20366,4422,"EWR","NJ",905,1030,85,319,2,1,1
"460",3,7,23,6,"2016-07-23","WN",19393,5481,"LAS","NV",1655,1830,275,1910,8,0,0
"461",3,7,23,6,"2016-07-23","F9",20436,1709,"MCO","FL",1655,1904,129,834,4,0,0
"462",3,7,24,7,"2016-07-24","WN",19393,1026,"ATL","GA",1720,1900,100,526,3,0,0
"463",3,7,24,7,"2016-07-24","F9",20436,1093,"LAS","NV",2045,2215,270,1910,8,0,0
"464",3,7,25,1,"2016-07-25","UA",19977,220,"ORD","IL",1730,1812,102,413,2,0,0
"465",3,7,25,1,"2016-07-25","WN",19393,1787,"LAS","NV",1735,1910,275,1910,8,0,0
"466",3,7,25,1,"2016-07-25","AA",19805,580,"PHX","AZ",1740,1903,263,1814,8,0,0
"467",3,7,26,2,"2016-07-26","DL",19790,1295,"ATL","GA",1124,1313,109,526,3,1,0
"468",3,7,26,2,"2016-07-26","WN",19393,3394,"MCO","FL",1140,1350,130,834,4,1,0
"469",3,7,26,2,"2016-07-26","EV",20366,5105,"LGA","NY",1330,1505,95,335,2,0,0
"470",3,7,27,3,"2016-07-27","WN",19393,3378,"TPA","FL",700,920,140,873,4,1,1
"471",3,7,27,3,"2016-07-27","UA",19977,1164,"ORD","IL",722,757,95,413,2,1,1
"472",3,7,28,4,"2016-07-28","DL",19790,2494,"DTW","MI",632,742,70,201,1,1,1
"473",3,7,28,4,"2016-07-28","AA",19805,727,"LAX","CA",640,846,306,2136,9,1,1
"474",3,7,28,4,"2016-07-28","B6",20409,2007,"FLL","FL",700,943,163,994,4,1,1
"475",3,7,28,4,"2016-07-28","WN",19393,3378,"TPA","FL",700,920,140,873,4,1,1
"476",3,7,28,4,"2016-07-28","UA",19977,1164,"ORD","IL",722,757,95,413,2,1,1
"477",3,7,29,5,"2016-07-29","DL",19790,1599,"ATL","GA",1330,1521,111,526,3,0,0
"478",3,7,29,5,"2016-07-29","EV",20366,5105,"LGA","NY",1330,1505,95,335,2,0,0
"479",3,7,29,5,"2016-07-29","UA",19977,446,"ORD","IL",1400,1434,94,413,2,0,0
"480",3,7,29,5,"2016-07-29","WN",19393,2098,"MDW","IL",1445,1510,85,402,2,0,0
"481",3,7,29,5,"2016-07-29","AA",19805,1426,"DFW","TX",1515,1710,175,1067,5,0,0
"482",3,7,30,6,"2016-07-30","WN",19393,6191,"TPA","FL",545,800,135,873,4,1,1
"483",3,7,30,6,"2016-07-30","DL",19790,2290,"ATL","GA",600,742,102,526,3,1,1
"484",3,7,30,6,"2016-07-30","AA",19805,1982,"CLT","NC",700,828,88,366,2,1,1
"485",3,7,31,7,"2016-07-31","WN",19393,435,"MDW","IL",1615,1640,85,402,2,0,0
"486",3,7,31,7,"2016-07-31","UA",19977,709,"DEN","CO",1620,1747,207,1290,6,0,0
"487",3,7,31,7,"2016-07-31","DL",19790,1560,"ATL","GA",1628,1819,111,526,3,0,0
"488",3,8,1,1,"2016-08-01","WN",19393,1448,"FLL","FL",745,1020,155,994,4,1,1
"489",3,8,1,1,"2016-08-01","AA",19805,2186,"DFW","TX",800,955,175,1067,5,1,1
"490",3,8,1,1,"2016-08-01","DL",19790,975,"ATL","GA",935,1120,105,526,3,1,1
"491",3,8,2,2,"2016-08-02","DL",19790,1939,"ATL","GA",1517,1705,108,526,3,0,0
"492",3,8,2,2,"2016-08-02","AA",19805,2067,"CLT","NC",1526,1659,93,366,2,0,0
"493",3,8,2,2,"2016-08-02","WN",19393,435,"MDW","IL",1615,1640,85,402,2,0,0
"494",3,8,3,3,"2016-08-03","WN",19393,2098,"MDW","IL",1445,1510,85,402,2,0,0
"495",3,8,3,3,"2016-08-03","AA",19805,1426,"DFW","TX",1513,1710,177,1067,5,0,0
"496",3,8,4,4,"2016-08-04","WN",19393,1371,"MCO","FL",945,1155,130,834,4,1,1
"497",3,8,5,5,"2016-08-05","AA",19805,1426,"DFW","TX",1513,1710,177,1067,5,0,0
"498",3,8,5,5,"2016-08-05","DL",19790,1939,"ATL","GA",1517,1705,108,526,3,0,0
"499",3,8,5,5,"2016-08-05","WN",19393,435,"MDW","IL",1615,1640,85,402,2,0,0
"500",3,8,6,6,"2016-08-06","DL",19790,1939,"ATL","GA",1517,1704,107,526,3,0,0
"501",3,8,6,6,"2016-08-06","WN",19393,6235,"MDW","IL",1535,1600,85,402,2,0,0
"502",3,8,6,6,"2016-08-06","UA",19977,709,"DEN","CO",1620,1746,206,1290,6,0,0
"503",3,8,7,7,"2016-08-07","WN",19393,1649,"PHX","AZ",1410,1530,260,1814,8,0,0
"504",3,8,7,7,"2016-08-07","AA",19805,1426,"DFW","TX",1513,1710,177,1067,5,0,0
"505",3,8,7,7,"2016-08-07","DL",19790,1939,"ATL","GA",1517,1705,108,526,3,0,0
"506",3,8,7,7,"2016-08-07","B6",20409,1686,"BOS","MA",1705,1841,96,496,2,0,0
"507",3,8,8,1,"2016-08-08","AA",19805,2186,"DFW","TX",800,955,175,1067,5,1,1
"508",3,8,8,1,"2016-08-08","WN",19393,1242,"DAL","TX",800,950,170,1060,5,1,1
"509",3,8,8,1,"2016-08-08","B6",20409,1286,"BOS","MA",844,1014,90,496,2,1,1
"510",3,8,8,1,"2016-08-08","DL",19790,975,"ATL","GA",935,1120,105,526,3,1,1
"511",3,8,9,2,"2016-08-09","WN",19393,312,"ATL","GA",735,915,100,526,3,1,1
"512",3,8,9,2,"2016-08-09","OO",20304,5935,"ORD","IL",1035,1112,97,413,2,1,1
"513",3,8,10,3,"2016-08-10","AA",19805,580,"PHX","AZ",1740,1903,263,1814,8,0,0
"514",3,8,10,3,"2016-08-10","WN",19393,2067,"BWI","MD",1745,1850,65,210,1,0,0
"515",3,8,11,4,"2016-08-11","WN",19393,1588,"TPA","FL",1520,1740,140,873,4,0,0
"516",3,8,12,5,"2016-08-12","AA",19805,580,"PHX","AZ",1740,1903,263,1814,8,0,0
"517",3,8,12,5,"2016-08-12","WN",19393,2067,"BWI","MD",1745,1850,65,210,1,0,0
"518",3,8,13,6,"2016-08-13","AA",19805,2024,"PHL","PA",915,1027,72,268,2,1,1
"519",3,8,13,6,"2016-08-13","WN",19393,2553,"MCO","FL",935,1150,135,834,4,1,1
"520",3,8,14,7,"2016-08-14","AA",19805,1923,"CLT","NC",835,1009,94,366,2,1,1
"521",3,8,14,7,"2016-08-14","WN",19393,5495,"DEN","CO",930,1055,205,1290,6,1,1
"522",3,8,15,1,"2016-08-15","AA",19805,588,"PHX","AZ",729,900,271,1814,8,1,1
"523",3,8,15,1,"2016-08-15","WN",19393,312,"ATL","GA",735,915,100,526,3,1,1
"524",3,8,15,1,"2016-08-15","DL",19790,975,"ATL","GA",935,1120,105,526,3,1,1
"525",3,8,16,2,"2016-08-16","WN",19393,416,"BWI","MD",1330,1435,65,210,1,0,0
"526",3,8,16,2,"2016-08-16","AA",19805,1426,"DFW","TX",1513,1710,177,1067,5,0,0
"527",3,8,17,3,"2016-08-17","WN",19393,984,"HOU","TX",1125,1330,185,1131,5,1,0
"528",3,8,17,3,"2016-08-17","AA",19805,1252,"DFW","TX",1137,1333,176,1067,5,1,0
"529",3,8,18,4,"2016-08-18","WN",19393,416,"BWI","MD",1330,1435,65,210,1,0,0
"530",3,8,18,4,"2016-08-18","DL",19790,1599,"ATL","GA",1330,1521,111,526,3,0,0
"531",3,8,18,4,"2016-08-18","AA",19805,1426,"DFW","TX",1513,1710,177,1067,5,0,0
"532",3,8,19,5,"2016-08-19","AA",19805,1933,"PHL","PA",710,836,86,268,2,1,1
"533",3,8,19,5,"2016-08-19","WN",19393,312,"ATL","GA",735,915,100,526,3,1,1
"534",3,8,19,5,"2016-08-19","DL",19790,975,"ATL","GA",935,1120,105,526,3,1,1
"535",3,8,20,6,"2016-08-20","WN",19393,1953,"PHX","AZ",1630,1750,260,1814,8,0,0
"536",3,8,20,6,"2016-08-20","AA",19805,580,"PHX","AZ",1740,1903,263,1814,8,0,0
"537",3,8,20,6,"2016-08-20","DL",19790,1462,"ATL","GA",1749,1939,110,526,3,0,0
"538",3,8,21,7,"2016-08-21","WN",19393,3401,"MDW","IL",1605,1630,85,402,2,0,0
"539",3,8,21,7,"2016-08-21","DL",19790,1560,"ATL","GA",1628,1819,111,526,3,0,0
"540",3,8,21,7,"2016-08-21","AA",19805,580,"PHX","AZ",1740,1903,263,1814,8,0,0
"541",3,8,22,1,"2016-08-22","WN",19393,2215,"DEN","CO",930,1055,205,1290,6,1,1
"542",3,8,22,1,"2016-08-22","AA",19805,2078,"CLT","NC",1035,1204,89,366,2,1,0
"543",3,8,23,2,"2016-08-23","WN",19393,2215,"DEN","CO",930,1055,205,1290,6,1,1
"544",3,8,24,3,"2016-08-24","DL",19790,548,"ATL","GA",2010,2155,105,526,3,0,0
"545",3,8,25,4,"2016-08-25","WN",19393,1311,"LAX","CA",1910,2110,300,2136,9,0,0
"546",3,8,26,5,"2016-08-26","WN",19393,657,"MCO","FL",1710,1925,135,834,4,0,0
"547",3,8,26,5,"2016-08-26","UA",19977,220,"ORD","IL",1735,1816,101,413,2,0,0
"548",3,8,26,5,"2016-08-26","AA",19805,528,"PHX","AZ",1740,1908,268,1814,8,0,0
"549",3,8,27,6,"2016-08-27","WN",19393,2557,"MCO","FL",805,1030,145,834,4,1,1
"550",3,8,27,6,"2016-08-27","AA",19805,1909,"CLT","NC",849,1022,93,366,2,1,1
"551",3,8,28,7,"2016-08-28","WN",19393,1087,"ATL","GA",1700,1840,100,526,3,0,0
"552",3,8,28,7,"2016-08-28","AA",19805,528,"PHX","AZ",1740,1908,268,1814,8,0,0
"553",3,8,28,7,"2016-08-28","UA",19977,220,"ORD","IL",1757,1834,97,413,2,0,0
"554",3,8,29,1,"2016-08-29","WN",19393,2968,"MCO","FL",645,900,135,834,4,1,1
"555",3,8,29,1,"2016-08-29","B6",20409,2007,"FLL","FL",700,943,163,994,4,1,1
"556",3,8,29,1,"2016-08-29","F9",20436,275,"DEN","CO",835,1001,206,1290,6,1,1
"557",3,8,30,2,"2016-08-30","WN",19393,2067,"BWI","MD",1745,1850,65,210,1,0,0
"558",3,8,31,3,"2016-08-31","WN",19393,984,"HOU","TX",1125,1330,185,1131,5,1,0
"559",3,9,1,4,"2016-09-01","WN",19393,2067,"BWI","MD",1745,1850,65,210,1,0,0
"560",3,9,1,4,"2016-09-01","F9",20436,1093,"LAS","NV",2035,2207,272,1910,8,0,0
"561",3,9,2,5,"2016-09-02","WN",19393,2262,"MDW","IL",810,835,85,402,2,1,1
"562",3,9,2,5,"2016-09-02","AA",19805,1752,"CLT","NC",849,1022,93,366,2,1,1
"563",3,9,2,5,"2016-09-02","DL",19790,975,"ATL","GA",941,1127,106,526,3,1,1
"564",3,9,3,6,"2016-09-03","WN",19393,3260,"STL","MO",800,850,110,554,3,1,1
"565",3,9,3,6,"2016-09-03","AA",19805,1909,"CLT","NC",849,1022,93,366,2,1,1
"566",3,9,4,7,"2016-09-04","WN",19393,5193,"BWI","MD",1745,1850,65,210,1,0,0
"567",3,9,4,7,"2016-09-04","UA",19977,220,"ORD","IL",1752,1830,98,413,2,0,0
"568",3,9,5,1,"2016-09-05","AA",19805,531,"PHX","AZ",725,901,276,1814,8,1,1
"569",3,9,5,1,"2016-09-05","WN",19393,389,"ATL","GA",740,925,105,526,3,1,1
"570",3,9,5,1,"2016-09-05","F9",20436,275,"DEN","CO",835,1001,206,1290,6,1,1
"571",3,9,6,2,"2016-09-06","WN",19393,2067,"BWI","MD",1745,1850,65,210,1,0,0
"572",3,9,6,2,"2016-09-06","DL",19790,1462,"ATL","GA",1826,2019,113,526,3,0,0
"573",3,9,6,2,"2016-09-06","AA",19805,2458,"DFW","TX",1855,2056,181,1067,5,0,0
"574",3,9,7,3,"2016-09-07","WN",19393,1573,"FLL","FL",555,825,150,994,4,1,1
"575",3,9,7,3,"2016-09-07","DL",19790,2290,"ATL","GA",600,749,109,526,3,1,1
"576",3,9,8,4,"2016-09-08","WN",19393,1588,"TPA","FL",1520,1740,140,873,4,0,0
"577",3,9,8,4,"2016-09-08","UA",19977,709,"DEN","CO",1635,1804,209,1290,6,0,0
"578",3,9,9,5,"2016-09-09","AA",19805,2007,"PHL","PA",1953,2110,77,268,2,0,0
"579",3,9,10,6,"2016-09-10","UA",19977,590,"ORD","IL",1045,1119,94,413,2,1,1
"580",3,9,10,6,"2016-09-10","WN",19393,606,"LAS","NV",1115,1245,270,1910,8,1,0
"581",3,9,10,6,"2016-09-10","AA",19805,1252,"DFW","TX",1135,1335,180,1067,5,1,0
"582",3,9,11,7,"2016-09-11","WN",19393,1906,"STL","MO",1050,1135,105,554,3,1,1
"583",3,9,11,7,"2016-09-11","DL",19790,1295,"ATL","GA",1120,1305,105,526,3,1,0
"584",3,9,11,7,"2016-09-11","B6",20409,1486,"BOS","MA",1208,1339,91,496,2,0,0
"585",3,9,12,1,"2016-09-12","EV",20366,5391,"MSP","MN",935,1043,128,726,3,1,1
"586",3,9,12,1,"2016-09-12","DL",19790,975,"ATL","GA",941,1127,106,526,3,1,1
"587",3,9,12,1,"2016-09-12","UA",19977,590,"ORD","IL",1045,1119,94,413,2,1,1
"588",3,9,12,1,"2016-09-12","WN",19393,1906,"STL","MO",1050,1135,105,554,3,1,1
"589",3,9,13,2,"2016-09-13","WN",19393,1311,"LAX","CA",1910,2110,300,2136,9,0,0
"590",3,9,13,2,"2016-09-13","F9",20436,1093,"LAS","NV",2045,2220,275,1910,8,0,0
"591",3,9,14,3,"2016-09-14","WN",19393,2968,"MCO","FL",645,900,135,834,4,1,1
"592",3,9,15,4,"2016-09-15","WN",19393,1919,"LAS","NV",825,955,270,1910,8,1,1
"593",3,9,15,4,"2016-09-15","F9",20436,275,"DEN","CO",840,1008,208,1290,6,1,1
"594",3,9,15,4,"2016-09-15","AA",19805,858,"CLT","NC",847,1021,94,366,2,1,1
"595",3,9,15,4,"2016-09-15","DL",19790,975,"ATL","GA",941,1127,106,526,3,1,1
"596",3,9,16,5,"2016-09-16","WN",19393,312,"ATL","GA",735,915,100,526,3,1,1
"597",3,9,16,5,"2016-09-16","UA",19977,773,"DEN","CO",742,910,208,1290,6,1,1
"598",3,9,16,5,"2016-09-16","F9",20436,275,"DEN","CO",840,1008,208,1290,6,1,1
"599",3,9,17,6,"2016-09-17","WN",19393,1953,"PHX","AZ",1630,1750,260,1814,8,0,0
"600",3,9,18,7,"2016-09-18","AA",19805,1252,"DFW","TX",1135,1335,180,1067,5,1,0
"601",3,9,18,7,"2016-09-18","WN",19393,2520,"MDW","IL",1140,1205,85,402,2,1,0
"602",3,9,18,7,"2016-09-18","EV",20366,4035,"IAH","TX",1145,1355,190,1117,5,1,0
"603",3,9,18,7,"2016-09-18","DL",19790,1599,"ATL","GA",1330,1524,114,526,3,0,0
"604",3,9,18,7,"2016-09-18","UA",19977,446,"ORD","IL",1410,1444,94,413,2,0,0
"605",3,9,19,1,"2016-09-19","WN",19393,2215,"DEN","CO",930,1055,205,1290,6,1,1
"606",3,9,19,1,"2016-09-19","UA",19977,590,"ORD","IL",1045,1119,94,413,2,1,1
"607",3,9,20,2,"2016-09-20","AA",19805,2007,"PHL","PA",1953,2110,77,268,2,0,0
"608",3,9,20,2,"2016-09-20","B6",20409,1886,"BOS","MA",1953,2123,90,496,2,0,0
"609",3,9,21,3,"2016-09-21","UA",19977,590,"ORD","IL",1045,1119,94,413,2,1,1
"610",3,9,21,3,"2016-09-21","WN",19393,1906,"STL","MO",1050,1135,105,554,3,1,1
"611",3,9,21,3,"2016-09-21","B6",20409,1486,"BOS","MA",1208,1339,91,496,2,0,0
"612",3,9,22,4,"2016-09-22","UA",19977,220,"ORD","IL",1725,1807,102,413,2,0,0
"613",3,9,22,4,"2016-09-22","WN",19393,2067,"BWI","MD",1745,1850,65,210,1,0,0
"614",3,9,23,5,"2016-09-23","AA",19805,2007,"PHL","PA",1953,2110,77,268,2,0,0
"615",3,9,24,6,"2016-09-24","AA",19805,893,"CLT","NC",700,830,90,366,2,1,1
"616",3,9,24,6,"2016-09-24","WN",19393,1068,"MDW","IL",700,725,85,402,2,1,1
"617",3,9,25,7,"2016-09-25","WN",19393,416,"BWI","MD",1330,1435,65,210,1,0,0
"618",3,9,26,1,"2016-09-26","WN",19393,1573,"FLL","FL",555,825,150,994,4,1,1
"619",3,9,26,1,"2016-09-26","DL",19790,2290,"ATL","GA",600,749,109,526,3,1,1
"620",3,9,26,1,"2016-09-26","AA",19805,727,"LAX","CA",640,853,313,2136,9,1,1
"621",3,9,26,1,"2016-09-26","UA",19977,606,"SFO","CA",729,955,326,2254,10,1,1
"622",3,9,26,1,"2016-09-26","EV",20366,5391,"MSP","MN",935,1043,128,726,3,1,1
"623",3,9,27,2,"2016-09-27","DL",19790,1939,"ATL","GA",1458,1648,110,526,3,0,0
"624",3,9,27,2,"2016-09-27","WN",19393,1588,"TPA","FL",1520,1740,140,873,4,0,0
"625",3,9,27,2,"2016-09-27","UA",19977,709,"DEN","CO",1640,1809,209,1290,6,0,0
"626",3,9,28,3,"2016-09-28","WN",19393,47,"MCO","FL",1300,1515,135,834,4,0,0
"627",3,9,28,3,"2016-09-28","EV",20366,5119,"LGA","NY",1535,1709,94,335,2,0,0
"628",3,9,28,3,"2016-09-28","F9",20436,1455,"ATL","GA",1610,1759,109,526,3,0,0
"629",3,9,29,4,"2016-09-29","B6",20409,1886,"BOS","MA",1953,2123,90,496,2,0,0
"630",3,9,30,5,"2016-09-30","WN",19393,47,"MCO","FL",1300,1515,135,834,4,0,0
"631",4,10,1,6,"2016-10-01","AA",19805,1909,"CLT","NC",847,1021,94,366,2,1,1
"632",4,10,1,6,"2016-10-01","WN",19393,2553,"MCO","FL",935,1150,135,834,4,1,1
"633",4,10,1,6,"2016-10-01","UA",19977,590,"ORD","IL",1045,1119,94,413,2,1,1
"634",4,10,1,6,"2016-10-01","EV",20366,5109,"LGA","NY",1540,1721,101,335,2,0,0
"635",4,10,1,6,"2016-10-01","F9",20436,1455,"ATL","GA",1610,1759,109,526,3,0,0
"636",4,10,2,7,"2016-10-02","WN",19393,1478,"PHX","AZ",1410,1535,265,1814,8,0,0
"637",4,10,2,7,"2016-10-02","AA",19805,1426,"DFW","TX",1438,1640,182,1067,5,0,0
"638",4,10,2,7,"2016-10-02","DL",19790,2476,"ATL","GA",1505,1655,110,526,3,0,0
"639",4,10,3,1,"2016-10-03","WN",19393,312,"ATL","GA",735,915,100,526,3,1,1
"640",4,10,3,1,"2016-10-03","DL",19790,2126,"ATL","GA",745,936,111,526,3,1,1
"641",4,10,3,1,"2016-10-03","EV",20366,5358,"MSP","MN",1144,1255,131,726,3,1,0
"642",4,10,4,2,"2016-10-04","WN",19393,1919,"LAS","NV",825,1005,280,1910,8,1,1
"643",4,10,4,2,"2016-10-04","UA",19977,590,"ORD","IL",1045,1119,94,413,2,1,1
"644",4,10,5,3,"2016-10-05","WN",19393,2067,"BWI","MD",1745,1850,65,210,1,0,0
"645",4,10,5,3,"2016-10-05","DL",19790,2069,"ATL","GA",1820,2015,115,526,3,0,0
"646",4,10,5,3,"2016-10-05","AA",19805,2458,"DFW","TX",1855,2056,181,1067,5,0,0
"647",4,10,6,4,"2016-10-06","AA",19805,727,"LAX","CA",635,853,318,2136,9,1,1
"648",4,10,6,4,"2016-10-06","WN",19393,569,"BNA","TN",635,710,95,462,2,1,1
"649",4,10,6,4,"2016-10-06","DL",19790,1857,"MSP","MN",645,800,135,726,3,1,1
"650",4,10,6,4,"2016-10-06","F9",20436,275,"DEN","CO",840,1015,215,1290,6,1,1
"651",4,10,7,5,"2016-10-07","WN",19393,1774,"BWI","MD",605,710,65,210,1,1,1
"652",4,10,7,5,"2016-10-07","AA",19805,727,"LAX","CA",635,853,318,2136,9,1,1
"653",4,10,8,6,"2016-10-08","WN",19393,3747,"TPA","FL",705,925,140,873,4,1,1
"654",4,10,8,6,"2016-10-08","AA",19805,2016,"PHL","PA",710,836,86,268,2,1,1
"655",4,10,10,1,"2016-10-10","WN",19393,1242,"DAL","TX",800,1000,180,1060,5,1,1
"656",4,10,10,1,"2016-10-10","AA",19805,858,"CLT","NC",845,1019,94,366,2,1,1
"657",4,10,10,1,"2016-10-10","UA",19977,773,"DEN","CO",855,1023,208,1290,6,1,1
"658",4,10,10,1,"2016-10-10","DL",19790,711,"MSP","MN",933,1045,132,726,3,1,1
"659",4,10,10,1,"2016-10-10","EV",20366,5358,"MSP","MN",1144,1255,131,726,3,1,0
"660",4,10,11,2,"2016-10-11","WN",19393,858,"MDW","IL",1140,1210,90,402,2,1,0
"661",4,10,11,2,"2016-10-11","AA",19805,1252,"DFW","TX",1150,1350,180,1067,5,1,0
"662",4,10,12,3,"2016-10-12","WN",19393,984,"HOU","TX",1125,1330,185,1131,5,1,0
"663",4,10,12,3,"2016-10-12","DL",19790,1295,"ATL","GA",1126,1312,106,526,3,1,0
"664",4,10,12,3,"2016-10-12","AA",19805,1252,"DFW","TX",1150,1350,180,1067,5,1,0
"665",4,10,13,4,"2016-10-13","WN",19393,1774,"BWI","MD",605,710,65,210,1,1,1
"666",4,10,13,4,"2016-10-13","DL",19790,2494,"DTW","MI",630,739,69,201,1,1,1
"667",4,10,13,4,"2016-10-13","F9",20436,275,"DEN","CO",840,1015,215,1290,6,1,1
"668",4,10,14,5,"2016-10-14","WN",19393,1087,"ATL","GA",1700,1845,105,526,3,0,0
"669",4,10,14,5,"2016-10-14","UA",19977,220,"ORD","IL",1715,1754,99,413,2,0,0
"670",4,10,15,6,"2016-10-15","WN",19393,3567,"ATL","GA",630,815,105,526,3,1,1
"671",4,10,16,7,"2016-10-16","WN",19393,1478,"PHX","AZ",1410,1535,265,1814,8,0,0
"672",4,10,16,7,"2016-10-16","DL",19790,2476,"ATL","GA",1505,1655,110,526,3,0,0
"673",4,10,16,7,"2016-10-16","F9",20436,1227,"ORD","IL",1507,1547,100,413,2,0,0
"674",4,10,16,7,"2016-10-16","UA",19977,709,"DEN","CO",1620,1748,208,1290,6,0,0
"675",4,10,17,1,"2016-10-17","DL",19790,2069,"ATL","GA",1820,2015,115,526,3,0,0
"676",4,10,17,1,"2016-10-17","AA",19805,2041,"PHL","PA",1825,1951,86,268,2,0,0
"677",4,10,17,1,"2016-10-17","WN",19393,1311,"LAX","CA",1900,2110,310,2136,9,0,0
"678",4,10,18,2,"2016-10-18","AA",19805,531,"PHX","AZ",728,904,276,1814,8,1,1
"679",4,10,18,2,"2016-10-18","WN",19393,312,"ATL","GA",735,915,100,526,3,1,1
"680",4,10,19,3,"2016-10-19","B6",20409,1286,"BOS","MA",842,1013,91,496,2,1,1
"681",4,10,19,3,"2016-10-19","WN",19393,2215,"DEN","CO",930,1105,215,1290,6,1,1
"682",4,10,20,4,"2016-10-20","AA",19805,673,"CLT","NC",1527,1702,95,366,2,0,0
"683",4,10,20,4,"2016-10-20","EV",20366,5535,"LGA","NY",1530,1713,103,335,2,0,0
"684",4,10,20,4,"2016-10-20","WN",19393,1594,"MDW","IL",1610,1635,85,402,2,0,0
"685",4,10,21,5,"2016-10-21","UA",19977,773,"DEN","CO",855,1024,209,1290,6,1,1
"686",4,10,21,5,"2016-10-21","WN",19393,2215,"DEN","CO",930,1105,215,1290,6,1,1
"687",4,10,21,5,"2016-10-21","B6",20409,1486,"BOS","MA",1208,1339,91,496,2,0,0
"688",4,10,22,6,"2016-10-22","DL",19790,1084,"DTW","MI",1012,1118,66,201,1,1,1
"689",4,10,22,6,"2016-10-22","WN",19393,3210,"DEN","CO",1015,1150,215,1290,6,1,1
"690",4,10,23,7,"2016-10-23","WN",19393,1774,"BWI","MD",605,710,65,210,1,1,1
"691",4,10,24,1,"2016-10-24","DL",19790,2069,"ATL","GA",1820,2015,115,526,3,0,0
"692",4,10,24,1,"2016-10-24","AA",19805,2041,"PHL","PA",1825,1951,86,268,2,0,0
"693",4,10,24,1,"2016-10-24","WN",19393,1311,"LAX","CA",1900,2110,310,2136,9,0,0
"694",4,10,25,2,"2016-10-25","AA",19805,528,"PHX","AZ",1740,1913,273,1814,8,0,0
"695",4,10,25,2,"2016-10-25","WN",19393,1943,"LAS","NV",1740,1920,280,1910,8,0,0
"696",4,10,26,3,"2016-10-26","WN",19393,1478,"PHX","AZ",1410,1535,265,1814,8,0,0
"697",4,10,26,3,"2016-10-26","AA",19805,1426,"DFW","TX",1439,1641,182,1067,5,0,0
"698",4,10,26,3,"2016-10-26","DL",19790,2476,"ATL","GA",1505,1655,110,526,3,0,0
"699",4,10,27,4,"2016-10-27","WN",19393,858,"MDW","IL",1140,1210,90,402,2,1,0
"700",4,10,27,4,"2016-10-27","AA",19805,1252,"DFW","TX",1150,1350,180,1067,5,1,0
"701",4,10,27,4,"2016-10-27","UA",19977,446,"ORD","IL",1405,1444,99,413,2,0,0
"702",4,10,28,5,"2016-10-28","AA",19805,727,"LAX","CA",635,853,318,2136,9,1,1
"703",4,10,28,5,"2016-10-28","WN",19393,569,"BNA","TN",635,710,95,462,2,1,1
"704",4,10,28,5,"2016-10-28","EV",20366,5358,"MSP","MN",1144,1255,131,726,3,1,0
"705",4,10,29,6,"2016-10-29","WN",19393,3567,"ATL","GA",630,815,105,526,3,1,1
"706",4,10,29,6,"2016-10-29","AA",19805,829,"CLT","NC",700,830,90,366,2,1,1
"707",4,10,30,7,"2016-10-30","WN",19393,1588,"TPA","FL",1520,1740,140,873,4,0,0
"708",4,10,30,7,"2016-10-30","AA",19805,673,"CLT","NC",1527,1702,95,366,2,0,0
"709",4,10,31,1,"2016-10-31","WN",19393,1386,"LAX","CA",1700,1915,315,2136,9,0,0
"710",4,10,31,1,"2016-10-31","F9",20436,277,"DEN","CO",1750,1945,235,1290,6,0,0
"711",4,10,31,1,"2016-10-31","OO",20304,5412,"ORD","IL",1915,1955,100,413,2,0,0
"712",4,11,1,2,"2016-11-01","WN",19393,569,"BNA","TN",635,710,95,462,2,1,1
"713",4,11,1,2,"2016-11-01","AA",19805,1941,"CLT","NC",700,830,90,366,2,1,1
"714",4,11,1,2,"2016-11-01","B6",20409,2007,"FLL","FL",700,947,167,994,4,1,1
"715",4,11,2,3,"2016-11-02","WN",19393,2262,"MDW","IL",810,840,90,402,2,1,1
"716",4,11,2,3,"2016-11-02","UA",19977,1507,"DEN","CO",836,1010,214,1290,6,1,1
"717",4,11,2,3,"2016-11-02","AA",19805,858,"CLT","NC",845,1019,94,366,2,1,1
"718",4,11,2,3,"2016-11-02","DL",19790,711,"MSP","MN",933,1045,132,726,3,1,1
"719",4,11,2,3,"2016-11-02","OO",20304,5318,"IAH","TX",1445,1700,195,1117,5,0,0
"720",4,11,3,4,"2016-11-03","WN",19393,1588,"TPA","FL",1520,1740,140,873,4,0,0
"721",4,11,3,4,"2016-11-03","AA",19805,673,"CLT","NC",1527,1702,95,366,2,0,0
"722",4,11,4,5,"2016-11-04","DL",19790,1560,"ATL","GA",1633,1825,112,526,3,0,0
"723",4,11,4,5,"2016-11-04","WN",19393,1087,"ATL","GA",1700,1845,105,526,3,0,0
"724",4,11,4,5,"2016-11-04","UA",19977,220,"ORD","IL",1715,1759,104,413,2,0,0
"725",4,11,4,5,"2016-11-04","OO",20304,5412,"ORD","IL",1915,1959,104,413,2,0,0
"726",4,11,5,6,"2016-11-05","AA",19805,538,"PHX","AZ",1055,1237,282,1814,8,1,0
"727",4,11,5,6,"2016-11-05","EV",20366,4285,"EWR","NJ",1055,1218,83,319,2,1,0
"728",4,11,5,6,"2016-11-05","WN",19393,606,"LAS","NV",1115,1255,280,1910,8,1,0
"729",4,11,5,6,"2016-11-05","DL",19790,1295,"ATL","GA",1120,1305,105,526,3,1,0
"730",4,11,6,7,"2016-11-06","WN",19393,611,"BWI","MD",1225,1330,65,210,1,0,0
"731",4,11,7,1,"2016-11-07","AA",19805,2041,"PHL","PA",1820,1948,88,268,2,0,0
"732",4,11,7,1,"2016-11-07","WN",19393,582,"MCO","FL",1840,2100,140,834,4,0,0
"733",4,11,8,2,"2016-11-08","WN",19393,3015,"HOU","TX",1100,1325,205,1131,5,1,0
"734",4,11,8,2,"2016-11-08","DL",19790,1295,"ATL","GA",1115,1305,110,526,3,1,0
"735",4,11,8,2,"2016-11-08","AA",19805,1252,"DFW","TX",1129,1345,196,1067,5,1,0
"736",4,11,9,3,"2016-11-09","WN",19393,2717,"RSW","FL",635,925,170,966,4,1,1
"737",4,11,9,3,"2016-11-09","OO",20304,5318,"IAH","TX",1445,1700,195,1117,5,0,0
"738",4,11,10,4,"2016-11-10","WN",19393,146,"DAL","TX",1430,1635,185,1060,5,0,0
"739",4,11,10,4,"2016-11-10","B6",20409,1686,"BOS","MA",1619,1751,92,496,2,0,0
"740",4,11,11,5,"2016-11-11","AA",19805,1906,"CLT","NC",511,645,94,366,2,1,1
"741",4,11,11,5,"2016-11-11","WN",19393,2673,"PHX","AZ",520,810,290,1814,8,1,1
"742",4,11,11,5,"2016-11-11","DL",19790,1356,"DTW","MI",625,738,73,201,1,1,1
"743",4,11,11,5,"2016-11-11","EV",20366,5366,"DTW","MI",1335,1454,79,201,1,0,0
"744",4,11,12,6,"2016-11-12","WN",19393,5410,"MCO","FL",705,940,155,834,4,1,1
"745",4,11,12,6,"2016-11-12","OO",20304,5260,"ORD","IL",1344,1420,96,413,2,0,0
"746",4,11,13,7,"2016-11-13","WN",19393,6442,"TPA","FL",630,850,140,873,4,1,1
"747",4,11,13,7,"2016-11-13","AA",19805,531,"PHX","AZ",700,1004,304,1814,8,1,1
"748",4,11,13,7,"2016-11-13","B6",20409,2007,"FLL","FL",700,947,167,994,4,1,1
"749",4,11,14,1,"2016-11-14","WN",19393,2397,"LAS","NV",1615,1815,300,1910,8,0,0
"750",4,11,14,1,"2016-11-14","UA",19977,709,"DEN","CO",1625,1800,215,1290,6,0,0
"751",4,11,15,2,"2016-11-15","AA",19805,528,"PHX","AZ",1725,2011,286,1814,8,0,0
"752",4,11,15,2,"2016-11-15","WN",19393,279,"MDW","IL",1735,1805,90,402,2,0,0
"753",4,11,15,2,"2016-11-15","B6",20409,1886,"BOS","MA",2020,2149,89,496,2,0,0
"754",4,11,16,3,"2016-11-16","AA",19805,858,"CLT","NC",841,1025,104,366,2,1,1
"755",4,11,16,3,"2016-11-16","WN",19393,3504,"DEN","CO",925,1110,225,1290,6,1,1
"756",4,11,16,3,"2016-11-16","DL",19790,2246,"ATL","GA",940,1130,110,526,3,1,1
"757",4,11,16,3,"2016-11-16","F9",20436,1707,"MCO","FL",1210,1434,144,834,4,0,0
"758",4,11,17,4,"2016-11-17","AA",19805,858,"CLT","NC",841,1025,104,366,2,1,1
"759",4,11,17,4,"2016-11-17","B6",20409,1286,"BOS","MA",850,1020,90,496,2,1,1
"760",4,11,17,4,"2016-11-17","OO",20304,4738,"MSP","MN",923,1045,142,726,3,1,1
"761",4,11,17,4,"2016-11-17","WN",19393,3504,"DEN","CO",925,1110,225,1290,6,1,1
"762",4,11,17,4,"2016-11-17","EV",20366,5366,"DTW","MI",1335,1454,79,201,1,0,0
"763",4,11,18,5,"2016-11-18","WN",19393,428,"MDW","IL",600,630,90,402,2,1,1
"764",4,11,18,5,"2016-11-18","DL",19790,1356,"DTW","MI",625,738,73,201,1,1,1
"765",4,11,19,6,"2016-11-19","WN",19393,1434,"MDW","IL",620,655,95,402,2,1,1
"766",4,11,19,6,"2016-11-19","AA",19805,829,"CLT","NC",700,842,102,366,2,1,1
"767",4,11,19,6,"2016-11-19","UA",19977,606,"SFO","CA",710,948,338,2254,10,1,1
"768",4,11,20,7,"2016-11-20","WN",19393,1174,"PHX","AZ",700,1005,305,1814,8,1,1
"769",4,11,20,7,"2016-11-20","OO",20304,5412,"ORD","IL",1915,1959,104,413,2,0,0
"770",4,11,21,1,"2016-11-21","EV",20366,5381,"MSP","MN",1715,1845,150,726,3,0,0
"771",4,11,21,1,"2016-11-21","AA",19805,528,"PHX","AZ",1725,2011,286,1814,8,0,0
"772",4,11,21,1,"2016-11-21","WN",19393,279,"MDW","IL",1735,1805,90,402,2,0,0
"773",4,11,22,2,"2016-11-22","WN",19393,1493,"ATL","GA",1800,1955,115,526,3,0,0
"774",4,11,22,2,"2016-11-22","DL",19790,898,"ATL","GA",1819,2015,116,526,3,0,0
"775",4,11,23,3,"2016-11-23","WN",19393,5910,"MDW","IL",925,1000,95,402,2,1,1
"776",4,11,23,3,"2016-11-23","DL",19790,2246,"ATL","GA",940,1130,110,526,3,1,1
"777",4,11,24,4,"2016-11-24","DL",19790,2246,"ATL","GA",940,1128,108,526,3,1,1
"778",4,11,24,4,"2016-11-24","AA",19805,1950,"CLT","NC",1025,1202,97,366,2,1,0
"779",4,11,24,4,"2016-11-24","UA",19977,590,"ORD","IL",1040,1121,101,413,2,1,1
"780",4,11,24,4,"2016-11-24","WN",19393,6864,"STL","MO",1155,1255,120,554,3,1,0
"781",4,11,25,5,"2016-11-25","AA",19805,1252,"DFW","TX",1129,1345,196,1067,5,1,0
"782",4,11,25,5,"2016-11-25","WN",19393,2286,"STL","MO",1155,1255,120,554,3,1,0
"783",4,11,25,5,"2016-11-25","B6",20409,1686,"BOS","MA",1739,1912,93,496,2,0,0
"784",4,11,26,6,"2016-11-26","DL",19790,2379,"ATL","GA",1452,1649,117,526,3,0,0
"785",4,11,26,6,"2016-11-26","WN",19393,2931,"MDW","IL",1500,1530,90,402,2,0,0
"786",4,11,26,6,"2016-11-26","EV",20366,4049,"EWR","NJ",1508,1645,97,319,2,0,0
"787",4,11,26,6,"2016-11-26","AA",19805,703,"CLT","NC",1527,1703,96,366,2,0,0
"788",4,11,26,6,"2016-11-26","B6",20409,1686,"BOS","MA",1739,1912,93,496,2,0,0
"789",4,11,27,7,"2016-11-27","AA",19805,531,"PHX","AZ",700,1004,304,1814,8,1,1
"790",4,11,27,7,"2016-11-27","B6",20409,2007,"FLL","FL",700,947,167,994,4,1,1
"791",4,11,27,7,"2016-11-27","WN",19393,2878,"MDW","IL",720,800,100,402,2,1,1
"792",4,11,28,1,"2016-11-28","AA",19805,2458,"DFW","TX",1855,2114,199,1067,5,0,0
"793",4,11,28,1,"2016-11-28","WN",19393,702,"BWI","MD",1855,2000,65,210,1,0,0
"794",4,11,28,1,"2016-11-28","DL",19790,306,"ATL","GA",2010,2200,110,526,3,0,0
"795",4,11,29,2,"2016-11-29","AA",19805,1834,"CLT","NC",1915,2050,95,366,2,0,0
"796",4,11,29,2,"2016-11-29","UA",19977,514,"ORD","IL",1915,2001,106,413,2,0,0
"797",4,11,29,2,"2016-11-29","WN",19393,864,"MCO","FL",2135,2355,140,834,4,0,0
"798",4,11,30,3,"2016-11-30","AA",19805,1823,"CLT","NC",840,1024,104,366,2,1,1
"799",4,11,30,3,"2016-11-30","WN",19393,4231,"MCO","FL",910,1135,145,834,4,1,1
"800",4,11,30,3,"2016-11-30","OO",20304,4652,"MSP","MN",921,1043,142,726,3,1,1
"801",4,11,30,3,"2016-11-30","DL",19790,2246,"ATL","GA",940,1130,110,526,3,1,1
"802",4,12,1,4,"2016-12-01","DL",19790,2379,"ATL","GA",1450,1647,117,526,3,0,0
"803",4,12,1,4,"2016-12-01","AA",19805,673,"CLT","NC",1527,1703,96,366,2,0,0
"804",4,12,1,4,"2016-12-01","WN",19393,5825,"LAS","NV",1615,1815,300,1910,8,0,0
"805",4,12,2,5,"2016-12-02","WN",19393,2374,"BWI","MD",1805,1915,70,210,1,0,0
"806",4,12,2,5,"2016-12-02","AA",19805,2041,"PHL","PA",1820,1948,88,268,2,0,0
"807",4,12,4,7,"2016-12-04","WN",19393,2717,"RSW","FL",635,925,170,966,4,1,1
"808",4,12,5,1,"2016-12-05","AA",19805,2007,"PHL","PA",2000,2110,70,268,2,0,0
"809",4,12,5,1,"2016-12-05","WN",19393,3334,"MCO","FL",2155,15,140,834,4,0,1
"810",4,12,6,2,"2016-12-06","WN",19393,1004,"BWI","MD",535,635,60,210,1,1,1
"811",4,12,6,2,"2016-12-06","DL",19790,2290,"ATL","GA",600,750,110,526,3,1,1
"812",4,12,6,2,"2016-12-06","AA",19805,829,"CLT","NC",700,842,102,366,2,1,1
"813",4,12,7,3,"2016-12-07","WN",19393,279,"MDW","IL",1735,1805,90,402,2,0,0
"814",4,12,7,3,"2016-12-07","EV",20366,5493,"LGA","NY",1745,1924,99,335,2,0,0
"815",4,12,8,4,"2016-12-08","UA",19977,709,"DEN","CO",1625,1800,215,1290,6,0,0
"816",4,12,8,4,"2016-12-08","WN",19393,446,"ATL","GA",1630,1825,115,526,3,0,0
"817",4,12,8,4,"2016-12-08","B6",20409,1886,"BOS","MA",2020,2149,89,496,2,0,0
"818",4,12,9,5,"2016-12-09","WN",19393,428,"MDW","IL",600,630,90,402,2,1,1
"819",4,12,9,5,"2016-12-09","EV",20366,5576,"LGA","NY",929,1105,96,335,2,1,1
"820",4,12,10,6,"2016-12-10","AA",19805,1658,"DFW","TX",732,955,203,1067,5,1,1
"821",4,12,10,6,"2016-12-10","WN",19393,5880,"FLL","FL",750,1035,165,994,4,1,1
"822",4,12,11,7,"2016-12-11","WN",19393,3504,"DEN","CO",925,1110,225,1290,6,1,1
"823",4,12,11,7,"2016-12-11","B6",20409,1486,"BOS","MA",1029,1159,90,496,2,1,1
"824",4,12,11,7,"2016-12-11","UA",19977,590,"ORD","IL",1040,1122,102,413,2,1,1
"825",4,12,11,7,"2016-12-11","DL",19790,1295,"ATL","GA",1114,1305,111,526,3,1,0
"826",4,12,12,1,"2016-12-12","WN",19393,2040,"LAS","NV",735,935,300,1910,8,1,1
"827",4,12,12,1,"2016-12-12","DL",19790,2126,"ATL","GA",750,941,111,526,3,1,1
"828",4,12,13,2,"2016-12-13","WN",19393,3455,"MDW","IL",1345,1415,90,402,2,0,0
"829",4,12,13,2,"2016-12-13","DL",19790,2379,"ATL","GA",1450,1647,117,526,3,0,0
"830",4,12,13,2,"2016-12-13","B6",20409,1686,"BOS","MA",1619,1751,92,496,2,0,0
"831",4,12,13,2,"2016-12-13","F9",20436,277,"DEN","CO",1820,2000,220,1290,6,0,0
"832",4,12,14,3,"2016-12-14","WN",19393,2040,"LAS","NV",735,935,300,1910,8,1,1
"833",4,12,14,3,"2016-12-14","AA",19805,1823,"CLT","NC",840,1024,104,366,2,1,1
"834",4,12,15,4,"2016-12-15","WN",19393,314,"ATL","GA",735,930,115,526,3,1,1
"835",4,12,15,4,"2016-12-15","AA",19805,1823,"CLT","NC",835,1019,104,366,2,1,1
"836",4,12,16,5,"2016-12-16","WN",19393,3504,"DEN","CO",925,1110,225,1290,6,1,1
"837",4,12,16,5,"2016-12-16","DL",19790,2246,"ATL","GA",940,1130,110,526,3,1,1
"838",4,12,16,5,"2016-12-16","AA",19805,1950,"CLT","NC",1025,1202,97,366,2,1,0
"839",4,12,17,6,"2016-12-17","WN",19393,5217,"BNA","TN",1650,1730,100,462,2,0,0
"840",4,12,17,6,"2016-12-17","AA",19805,627,"PHX","AZ",1725,2011,286,1814,8,0,0
"841",4,12,18,7,"2016-12-18","WN",19393,3549,"MCO","FL",1840,2100,140,834,4,0,0
"842",4,12,19,1,"2016-12-19","AA",19805,1426,"DFW","TX",1431,1647,196,1067,5,0,0
"843",4,12,19,1,"2016-12-19","WN",19393,2325,"BWI","MD",1440,1540,60,210,1,0,0
"844",4,12,19,1,"2016-12-19","UA",19977,709,"DEN","CO",1611,1752,221,1290,6,0,0
"845",4,12,20,2,"2016-12-20","AA",19805,2041,"PHL","PA",1820,1948,88,268,2,0,0
"846",4,12,20,2,"2016-12-20","WN",19393,582,"MCO","FL",1840,2100,140,834,4,0,0
"847",4,12,21,3,"2016-12-21","WN",19393,5986,"MDW","IL",715,800,105,402,2,1,1
"848",4,12,22,4,"2016-12-22","WN",19393,5986,"MDW","IL",715,800,105,402,2,1,1
"849",4,12,23,5,"2016-12-23","WN",19393,4009,"PHX","AZ",1500,1750,290,1814,8,0,0
"850",4,12,23,5,"2016-12-23","AA",19805,765,"CLT","NC",1527,1703,96,366,2,0,0
"851",4,12,23,5,"2016-12-23","DL",19790,869,"ATL","GA",1617,1820,123,526,3,0,0
"852",4,12,24,6,"2016-12-24","WN",19393,440,"TPA","FL",1255,1515,140,873,4,0,0
"853",4,12,24,6,"2016-12-24","OO",20304,5903,"IAH","TX",1435,1700,205,1117,5,0,0
"854",4,12,24,6,"2016-12-24","DL",19790,669,"ATL","GA",1505,1710,125,526,3,0,0
"855",4,12,25,7,"2016-12-25","WN",19393,1569,"BWI","MD",1805,1915,70,210,1,0,0
"856",4,12,25,7,"2016-12-25","AA",19805,2458,"DFW","TX",1850,2109,199,1067,5,0,0
"857",4,12,26,1,"2016-12-26","WN",19393,5986,"MDW","IL",715,800,105,402,2,1,1
"858",4,12,27,2,"2016-12-27","WN",19393,702,"BWI","MD",1855,2000,65,210,1,0,0
"859",4,12,27,2,"2016-12-27","AA",19805,1834,"CLT","NC",1905,2040,95,366,2,0,0
"860",4,12,27,2,"2016-12-27","F9",20436,1093,"LAS","NV",2010,2210,300,1910,8,0,0
"861",4,12,28,3,"2016-12-28","WN",19393,1138,"BWI","MD",645,750,65,210,1,1,1
"862",4,12,28,3,"2016-12-28","B6",20409,2007,"FLL","FL",700,957,177,994,4,1,1
"863",4,12,28,3,"2016-12-28","UA",19977,606,"SFO","CA",700,945,345,2254,10,1,1
"864",4,12,29,4,"2016-12-29","AA",19805,496,"DFW","TX",700,923,203,1067,5,1,1
"865",4,12,29,4,"2016-12-29","DL",19790,1092,"ATL","GA",715,917,122,526,3,1,1
"866",4,12,29,4,"2016-12-29","WN",19393,5986,"MDW","IL",715,800,105,402,2,1,1
"867",4,12,30,5,"2016-12-30","WN",19393,4839,"HOU","TX",1915,2140,205,1131,5,0,0
"868",4,12,30,5,"2016-12-30","AA",19805,2092,"PHL","PA",2000,2110,70,268,2,0,0
"869",4,12,31,6,"2016-12-31","WN",19393,3498,"HOU","TX",1120,1345,205,1131,5,1,0
"870",4,12,31,6,"2016-12-31","AA",19805,1426,"DFW","TX",1431,1647,196,1067,5,0,0
"871",4,12,31,6,"2016-12-31","DL",19790,669,"ATL","GA",1505,1710,125,526,3,0,0
